,Median listing price,Median price change - last quarter (%),Median price change - 1 year (%),Median price change - 2 years (%),Median weekly rent,Median yield %,Median rent change - 1 year (%)
Braidwood,,,,,,,
Karabar,595000.0,-2.86,,,575.0,5.02,3.6
Queanbeyan,589000.0,0.0,-1.84,-1.84,545.0,4.81,4.8
Queanbeyan West,,,,,,,
Jerrabomberra,632000.0,-14.52,-20.96,-20.0,560.0,4.6,-0.89
Googong,726500.0,0.0,-0.21,10.07,650.0,4.65,1.56
Bombala,,,,,,,
Cooma,,,,,,,
Jindabyne,1050000.0,-4.11,-2.1,,610.0,3.02,7.01
Berridale,,,,,,,
Batemans Bay,,,,,,,
Bega,,,,,,,
Tathra,,,,,,,
Broulee,,,,,,,
Tomakin,,,,,,,
Deua,,,,,,,
Eden,,,,,,,
Merimbula,750000.0,0.0,0.06,-15.45,550.0,3.81,
Tura Beach,749000.0,-1.37,-9.22,-9.76,600.0,4.16,
Moruya,,,,,,,
Tuross Head,,,,,,,
Narooma,612000.0,4.34,-3.63,-1.14,425.0,3.61,-5.56
Bermagui,855000.0,0.0,2.95,,,,
Goulburn,595000.0,0.0,-3.57,-8.33,450.0,3.93,0.0
Yass,,,,,480.0,,9.09
Young,,,,,,,
Avoca Beach,,,,,725.0,,3.57
Copacabana,,,,,,,
Macmasters Beach,,,,,,,
Calga,,,,,,,
Kulnura,,,,,,,
Erina,,,,,,,
Gosford,,,,,500.0,,6.38
Springfield,,,,,,,
Kariong,,,,,,,
Kincumber,,,,,560.0,,16.66
Picketts Valley,,,,,,,
Narara,,,,,550.0,,12.24
Niagara Park,,,,,,,
Lisarow,,,,,,,
Point Clare,,,,,550.0,,
Koolewong,,,,,,,
Saratoga,,,,,,,
Davistown,,,,,,,
Terrigal,1200000.0,2.12,9.09,21.21,750.0,3.25,8.69
North Avoca,,,,,,,
Booker Bay,1187500.0,-8.34,32.68,25.0,565.0,2.47,2.72
Patonga,,,,,,,
Wamberal,,,,,735.0,,13.07
Forresters Beach,,,,,,,
Woy Woy,700000.0,0.07,0.71,6.06,530.0,3.93,6.0
Blackwall,,,,,,,
Wyoming,630000.0,-7.25,-0.79,,500.0,4.12,0.0
Bateau Bay,430000.0,-27.43,-36.54,-40.2,595.0,7.19,-0.84
Killarney Vale,,,,,,,
Blue Haven,,,,,,,
San Remo,,,,,,,
Budgewoi,,,,,,,
Buff Point,,,,,,,
Halekulani,482000.0,,0.41,44.09,,,
Chittaway Bay,,,,,,,
Tumbi Umbi,,,,,,,
Gorokan,510000.0,-3.23,4.08,2.0,450.0,4.58,0.0
Kanwal,,,,,,,
Charmhaven,,,,,,,
Jilliby,,,,,,,
Yarramalong,,,,,,,
Lake Munmorah,364500.0,14.98,-15.73,-24.07,,,
Mannering Park,,,,,,,
Ourimbah,,,,,515.0,,-4.63
Fountaindale,,,,,,,
Summerland Point,,,,,,,
Gwandalan,,,,,,,
The Entrance,850000.0,0.0,0.0,18.88,540.0,3.3,8.0
Toukley,630000.0,-5.98,11.5,,,,
Norah Head,,,,,,,
Tuggerah,,,,,,,
Kangy Angy,,,,,,,
Warnervale,,,,,,,
Wadalba,,,,,470.0,,-2.09
Wyong,550000.0,,14.58,61.76,515.0,4.86,9.57
Bathurst,577500.0,-2.18,7.94,10.52,450.0,4.05,9.75
Oberon,,,,,,,
Condobolin,,,,,,,
Cowra,,,,,,,
Forbes,,,,,,,
Grenfell,,,,,,,
West Wyalong,,,,,,,
Lithgow,452500.0,9.55,-9.5,0.77,355.0,4.07,7.57
Mudgee,550000.0,4.26,,,520.0,4.91,7.21
Blayney,,,,,,,
Orange,615000.0,2.08,-5.75,5.12,480.0,4.05,6.66
Grafton,440000.0,1.26,0.0,18.91,450.0,5.31,4.65
Maclean,,,,,,,
Yamba,600000.0,0.42,-2.84,2.12,545.0,4.72,6.86
Iluka,,,,,,,
Bellingen,,,,,,,
Coffs Harbour,599000.0,0.0,0.67,2.39,590.0,5.12,7.27
Coramba,,,,,,,
Nana Glen,,,,,,,
Bucca,,,,,,,
Dorrigo,,,,,,,
Korora,,,,,570.0,,3.63
Emerald Beach,,,,,,,
Sawtell,895000.0,,,,580.0,3.36,13.72
Boambee,,,,,,,
Urunga,,,,,,,
Woolgoolga,789500.0,,17.83,25.51,520.0,3.42,1.96
Arrawarra,,,,,,,
Bourke,,,,,,,
Brewarrina,,,,,,,
Cobar,,,,,,,
Coonamble,,,,,,,
Nyngan,,,,,,,
Warren,,,,,,,
Walgett,,,,,,,
Lightning Ridge,,,,,,,
Broken Hill,,,,,,,
Coonabarabran,,,,,,,
Dubbo,490000.0,0.51,0.0,7.69,420.0,4.45,1.2
Gilgandra,,,,,,,
Narromine,,,,,,,
Wellington,,,,,,,
Branxton,,,,,,,
Greta,,,,,500.0,,19.04
Pokolbin,375000.0,0.0,,,,,
Cessnock,540000.0,0.0,1.88,,440.0,4.23,-2.23
Dungog,,,,,,,
Kurri Kurri,517500.0,,,,490.0,4.92,
Abermain,,,,,,,
Singleton,537500.0,0.0,7.71,12.21,560.0,5.41,5.66
Maitland,,,,,,,
East Maitland,585000.0,2.08,-2.5,,500.0,4.44,8.69
Metford,,,,,465.0,,3.33
Aberglasslyn,730000.0,-7.48,,,560.0,3.98,21.73
Telarah,,,,,,,
Tenambit,,,,,,,
Thornton,795000.0,13.57,32.5,21.74,560.0,3.66,19.14
Millers Forest,,,,,,,
Anna Bay,620000.0,-6.07,5.98,-2.37,575.0,4.82,2.67
Lemon Tree Passage,,,,,,,
Tanilba Bay,,,,,590.0,,28.26
Raymond Terrace,584500.0,1.75,29.88,39.16,480.0,4.27,10.34
Seaham,,,,,,,
Woodville,,,,,670.0,,
Tea Gardens,,,,,,,
Hawks Nest,,,,,465.0,,3.33
Williamtown,,,,,,,
Medowie,,,,,,,
Karuah,,,,,,,
Muswellbrook,440000.0,1.14,17.33,11.39,430.0,5.08,7.5
Scone,,,,,,,
Dapto,699000.0,0.0,1.37,16.5,570.0,4.24,0.88
Avondale,644500.0,,-6.6,,630.0,5.08,
Horsley,800000.0,1.39,0.62,,750.0,4.87,13.63
Kembla Grange,,,,,650.0,,-2.99
Unanderra,,,,,675.0,,8.87
Mount Kembla,,,,,,,
Berkeley,,,,,630.0,,-9.36
Lake Heights,,,,,700.0,,35.92
Cringila,,,,,,,
Port Kembla,,,,,540.0,,-1.82
Warrawong,,,,,,,
Windang,399000.0,,14.0,37.82,,,
Primbee,,,,,,,
Albion Park,750000.0,-1.95,4.16,3.51,630.0,4.36,2.43
Albion Park Rail,690000.0,-0.79,0.07,3.13,600.0,4.52,8.1
Kiama,960000.0,-4.0,-3.04,-10.7,695.0,3.76,8.59
Kiama Downs,,,,,,,
Minnamurra,,,,,,,
Gerringong,,,,,750.0,,
Shellharbour,,,,,630.0,,5.0
Flinders,759000.0,2.73,1.2,-0.07,630.0,4.31,8.62
Oak Flats,799000.0,0.0,1.2,5.13,645.0,4.19,2.38
Warilla,690000.0,4.69,20.0,17.44,650.0,4.89,26.21
Balgownie,1000000.0,7.74,9.64,-7.84,675.0,3.51,4.65
Fairy Meadow,807500.0,,,5.21,600.0,3.86,4.34
Corrimal,850000.0,-1.83,11.98,7.59,650.0,3.97,12.06
Tarrawanna,,,,,800.0,,2.56
Bellambi,765000.0,,,,560.0,3.8,1.81
Figtree,720000.0,2.15,4.34,2.85,680.0,4.91,17.24
Keiraville,1050000.0,,,17.97,680.0,3.36,7.08
Helensburgh,,,,,750.0,,8.69
Thirroul,1595000.0,6.58,32.91,18.58,755.0,2.46,0.66
Austinmer,,,,,,,
Coalcliff,,,,,,,
Woonona,950000.0,0.26,8.57,19.49,660.0,3.61,-1.5
Bulli,892500.0,-5.06,,,800.0,4.66,-8.05
Russell Vale,,,,,,,
Wollongong,809000.0,-0.74,1.82,6.16,675.0,4.33,3.84
Bulahdelah,,,,,,,
Stroud,,,,,,,
Forster,650000.0,2.4,4.92,-1.37,550.0,4.4,14.58
Tuncurry,629000.0,0.64,5.0,8.63,500.0,4.13,11.11
Kempsey,,,,,,,
Macksville,,,,,,,
Scotts Head,,,,,,,
Nambucca Heads,457500.0,1.2,6.51,-8.32,450.0,5.11,7.14
South West Rocks,715000.0,1.74,10.16,20.16,530.0,3.85,17.77
Lord Howe Island,,,,,,,
Laurieton,629000.0,-3.01,-1.57,14.88,470.0,3.88,4.44
Bonny Hills,,,,,,,
Port Macquarie,610000.0,-0.8,1.66,1.83,525.0,4.47,5.0
Wauchope,537500.0,3.0,1.41,17.1,475.0,4.59,7.95
Gloucester,,,,,,,
Old Bar,625000.0,0.52,7.94,5.04,500.0,4.16,11.11
Manning Point,,,,,,,
Red Head,,,,,,,
Taree,400000.0,0.25,1.26,0.25,420.0,5.46,2.43
Wingham,,,,,,,
Albury,,,,,420.0,,0.0
Lavington,360000.0,0.13,1.12,16.12,380.0,5.48,5.55
Hay,,,,,,,
Wentworth,,,,,,,
Buronga,,,,,,,
Corowa,,,,,,,
Deniliquin,,,,,,,
Moama,349000.0,-2.69,-16.91,,520.0,7.74,1.96
Tocumwal,,,,,,,
Finley,,,,,,,
Jerilderie,,,,,,,
Armidale,597000.0,9.04,8.54,40.47,430.0,3.74,4.87
Walcha,,,,,,,
Glen Innes,,,,,,,
Inverell,399000.0,,,,410.0,5.34,7.89
Tenterfield,,,,,,,
Moree,,,,,,,
Narrabri,,,,,,,
Gunnedah,,,,,450.0,,9.75
Quirindi,,,,,,,
Tamworth,549000.0,7.21,12.26,39.87,410.0,3.88,2.5
Belmont,649000.0,-0.08,8.16,1.01,520.0,4.16,7.21
Bennetts Green,,,,,,,
Belmont South,,,,,,,
Blacksmiths,,,,,,,
Charlestown,715000.0,-0.68,5.14,10.85,580.0,4.21,9.43
Dudley,,,,,,,
Glendale,,,,,,,
Cardiff,692500.0,6.13,6.53,,535.0,4.01,0.0
Mount Hutton,649000.0,-0.16,0.0,10.94,635.0,5.08,17.59
Windale,,,,,,,
Redhead,385000.0,2.01,,,,,
Swansea,590000.0,2.66,-0.85,,435.0,3.83,-9.38
Caves Beach,,,,,,,
Valentine,,,,,580.0,,-6.46
Eleebana,,,,,,,
Warners Bay,694500.0,1.15,-2.19,2.88,620.0,4.64,12.72
Boolaroo,,,,,,,
Bolton Point,,,,,,,
Teralba,,,,,,,
Bonnells Bay,,,,,530.0,,10.41
Edgeworth,,,,,565.0,,-0.88
Cameron Park,,,,,650.0,,0.0
Morisset,690000.0,6.48,68.29,50.0,510.0,3.84,2.0
Cooranbong,,,,,480.0,,-1.04
Toronto,,,,,500.0,,3.09
Awaba,,,,,,,
Wangi Wangi,,,,,,,
Rathmines,,,,,,,
West Wallsend,,,,,,,
Barnsley,,,,,,,
Killingworth,,,,,,,
Adamstown,854500.0,5.16,8.85,0.82,670.0,4.07,9.83
Kotara,,,,,650.0,,0.0
Beresfield,,,,,,,
Hexham,,,,,,,
Hamilton,,,,,,,
Broadmeadow,743500.0,-2.82,-2.82,,595.0,4.16,0.0
Lambton,740000.0,0.0,2.77,,610.0,4.28,16.19
New Lambton,762500.0,-1.64,9.71,4.09,580.0,3.95,5.45
Fletcher,695000.0,2.87,4.19,6.92,650.0,4.86,8.33
Minmi,,,,,,,
Mayfield,,,,,,,
Warabrook,,,,,540.0,,6.93
Merewether,1197500.0,8.86,20.35,18.27,780.0,3.38,9.85
The Junction,,,,,680.0,,18.26
Newcastle,,,,,755.0,,
Cooks Hill,1200000.0,4.04,25.32,24.35,650.0,2.81,3.17
Shortland,659500.0,0.0,8.11,10.37,620.0,4.88,10.71
Jesmond,,,,,550.0,,5.76
Stockton,,,,,600.0,,
Fullerton Cove,977000.0,,,,,,
Wallsend,640000.0,1.58,5.78,6.84,600.0,4.87,6.19
Elermore Vale,682500.0,3.78,13.75,15.67,550.0,4.19,1.85
Waratah,,,,,600.0,,9.09
North Lambton,,,,,520.0,,10.63
Wickham,,,,,,,
Carrington,,,,,,,
Tighes Hill,,,,,,,
Ballina,695000.0,6.15,2.2,-0.72,600.0,4.48,5.26
Bangalow,,,,,,,
Brunswick Heads,,,,,,,
Ocean Shores,,,,,770.0,,22.22
Byron Bay,1225000.0,3.91,13.42,-1.61,1100.0,4.66,15.78
Evans Head,,2.83,,,630.0,,
Lennox Head,1200000.0,8.18,9.09,-7.7,850.0,3.68,13.33
Skennars Head,,,,,,,
Mullumbimby,,,,,,,
Casino,,,,,,,
Goonellabah,570000.0,-2.64,10.25,1.87,450.0,4.1,2.27
Kyogle,,,,,,,
Lismore,,,,,,,
Kingscliff,949500.0,6.03,8.51,11.7,780.0,4.27,4.0
Fingal Head,,,,,,,
Murwillumbah,259500.0,,-48.0,,,,
Pottsville,929000.0,0.0,0.0,3.79,680.0,3.8,4.61
Tweed Heads,815000.0,5.95,21.18,23.48,695.0,4.43,5.3
Banora Point,720000.0,5.1,16.12,16.12,725.0,5.23,11.53
Terranora,,,,,,,
North Tumbulgum,,,,,,,
Tweed Heads South,695000.0,6.92,12.09,10.31,725.0,5.42,10.68
Leeton,,,,,390.0,,0.0
Narrandera,,,,,,,
Tumbarumba,,,,,,,
Tumut,,,,,,,
Cootamundra,,,,,,,
Gundagai,,,,,,,
Junee,,,,,,,
Temora,,,,,,,
Wagga Wagga,695500.0,0.07,11.81,-3.34,450.0,3.36,0.0
Berry,1100000.0,-4.79,,,720.0,3.4,8.27
Kangaroo Valley,,,,,,,
Callala Bay,,,,,,,
Currarong,,,,,,,
Culburra Beach,,,,,,,
Sassafras,,,,,,,
Budawang,,,,,,,
Huskisson,,,,,,,
Vincentia,,,,,580.0,,18.36
North Nowra,,,,,,,
Bomaderry,,,,,510.0,,22.89
Nowra,605000.0,5.83,,,530.0,4.55,17.77
St Georges Basin,,,,,,,
Erowal Bay,,,,,,,
Sussex Inlet,592500.0,2.16,2.15,-1.09,520.0,4.56,8.33
Berrara,,,,,,,
Tomerong,,,,,,,
Wandandian,,,,,,,
Woollamia,,,,,,,
Ulladulla,747500.0,1.36,4.54,21.54,,,
Bowral,995000.0,-0.26,-13.11,-14.41,700.0,3.65,10.23
Colo Vale,,,,,,,
Mittagong,930000.0,1.08,1.08,,625.0,3.49,5.04
Moss Vale,795000.0,4.51,-6.48,-0.32,600.0,3.92,5.26
Berrima,,,,,,,
Robertson,619500.0,3.16,3.42,15.79,700.0,5.87,32.07
Fitzroy Falls,,,,,,,
Baulkham Hills,1200000.0,0.0,9.58,14.28,720.0,3.12,7.46
Bella Vista,1889000.0,7.89,15.88,18.24,860.0,2.36,7.5
Glenhaven,,,,,,,
West Pennant Hills,1450000.0,,,7.4,780.0,2.79,2.63
Castle Hill,1380000.0,-0.9,2.22,7.81,750.0,2.82,7.14
Cherrybrook,1300000.0,7.43,32.99,26.82,850.0,3.4,6.25
Kellyville,1200000.0,0.0,4.34,9.09,780.0,3.38,8.33
Kenthurst,,,,,,,
Wisemans Ferry,,,,,,,
Galston,,,,,,,
Laughtondale,,,,,,,
Bilpin,,,,,,,
St Albans,580000.0,1.29,0.0,0.0,470.0,4.21,4.44
Kurrajong Heights,,,,,,,
Ebenezer,,,,,,,
Pitt Town,,,,,,,
McGraths Hill,,,,,,,
Box Hill,900000.0,0.0,-5.27,4.65,655.0,3.78,-2.97
Nelson,,,,,,,
Rouse Hill,1000000.0,6.59,9.89,-4.77,750.0,3.9,0.0
Beaumont Hills,,,,,,,
Kings Park,,,,,,,
Marayong,,,,,635.0,,32.29
Doonside,790000.0,,,,650.0,4.27,23.8
Woodcroft,,,,,,,
Lalor Park,,,,,,,
Kings Langley,,,,,,,
Blacktown,700000.0,0.0,4.47,7.69,600.0,4.45,13.2
Seven Hills,,,,,630.0,,2.43
Prospect,690000.0,6.31,6.15,26.72,605.0,4.55,7.07
Toongabbie,822500.0,3.77,9.66,14.23,600.0,3.79,3.44
Glenwood,,,,,,,
Acacia Gardens,,,,,,,
Quakers Hill,800000.0,0.0,6.66,6.66,630.0,4.09,5.0
Kellyville Ridge,,,,,740.0,,13.84
The Ponds,,,,,,,
Marsden Park,845000.0,0.0,0.59,0.59,680.0,4.18,4.61
Shanes Park,,,,,,,
Riverstone,865500.0,1.17,8.18,3.03,695.0,4.17,6.92
Colebee,,,,,,,
Schofields,900000.0,0.56,4.65,5.26,730.0,4.21,4.28
Stanhope Gardens,,,,,,,
Parklea,,,,,,,
Bidwill,,,,,,,
Hebersham,,,,,,,
Emerton,,,,,,,
Glendenning,,,,,,,
Dean Park,,,,,,,
Hassall Grove,,,,,,,
Plumpton,700000.0,-0.63,-2.03,20.68,550.0,4.08,-8.34
Lethbridge Park,,,,,,,
Tregear,,,,,,,
Mount Druitt,630000.0,1.62,6.77,12.5,520.0,4.29,10.63
Whalan,,,,,,,
Rooty Hill,745000.0,5.57,7.97,9.55,640.0,4.46,16.36
Minchinbury,,,,,,,
Banksmeadow,,,,,,,
Botany,1500000.0,0.0,5.26,11.11,1150.0,3.98,4.54
Pagewood,,,,,,,
Hillsdale,,,,,,,
Daceyville,,,,,,,
Eastlakes,,,,,,,
Mascot,,,,,1250.0,,19.04
Petersham,,,,,,,
Stanmore,,,,,,,
Sydenham,480000.0,-3.07,0.0,-5.89,460.0,4.98,4.54
Tempe,,,,,,,
St Peters,,,,,,,
Marrickville,,,,,865.0,,6.79
Darlinghurst,2625000.0,8.49,28.04,19.31,1100.0,2.17,-8.34
Erskineville,,,,,950.0,,9.19
Alexandria,1800000.0,0.0,,10.76,1150.0,3.32,8.49
Glebe,2000000.0,-9.1,0.0,14.61,1045.0,2.71,-0.48
Forest Lodge,,,,,950.0,,-1.05
Potts Point,,,,,,,
Woolloomooloo,,,,,1025.0,,4.59
Surry Hills,1875000.0,-1.32,-10.72,4.16,1070.0,2.96,7.0
Camperdown,,,,,1010.0,,9.18
Darlington,,,,,,,
Chippendale,,,,,1100.0,,15.78
Pyrmont,,,,,980.0,,8.88
Redfern,,,,,1050.0,,10.52
Rosebery,1980000.0,,,,1500.0,3.93,9.89
Beaconsfield,,-6.14,,,,,
Millers Point,,,,,,,
Haymarket,,,,,,,
Ultimo,,,,,1200.0,,9.09
Waterloo,,,,,895.0,,0.56
Zetland,,,,,1680.0,,26.79
Bondi,,,,,1700.0,,25.92
Tamarama,,,,,,,
Bronte,,,,,,,
Bondi Beach,,,,,1340.0,,5.09
North Bondi,,,,,1475.0,,-13.24
Bondi Junction,,,,,1200.0,,2.12
Waverly,,,,,,,
Centennial Park,,,,,,,
Dover Heights,,,,,,,
Paddington,3350000.0,9.37,15.51,24.07,1350.0,2.09,0.0
Moore Park,,,,,,,
Rose Bay,,,,,1500.0,,-6.25
Vaucluse,,,,,1375.0,,
Watsons Bay,,,,,,,
Woollahra,3450000.0,,,,1765.0,2.66,23.42
Bellevue Hill,,,,,,,
Double Bay,,,,,1825.0,,15.87
Darling Point,,,,,,,
Kingsford,,,,,1100.0,,15.78
Maroubra,1687500.0,-2.21,5.46,-6.25,1140.0,3.51,9.61
Randwick,1995000.0,2.57,30.81,-3.86,1150.0,2.99,4.54
Coogee,,,,,1400.0,,8.52
Clovelly,,,,,,,
Malabar,,,,,,,
La Perouse,,,,,,,
Matraville,,,,,1070.0,,-0.47
Chifley,,,,,1250.0,,8.69
South Coogee,,,,,,,
Bass Hill,950000.0,4.95,20.25,12.42,880.0,4.81,3.52
Georges Hall,1100000.0,11.21,23.94,33.33,990.0,4.68,4.21
Condell Park,1000000.0,-3.62,6.95,25.0,895.0,4.65,17.76
Padstow,1239500.0,1.01,3.29,30.47,850.0,3.56,21.42
Revesby,1300000.0,2.56,8.33,18.18,950.0,3.8,11.76
Yagoona,890000.0,-1.18,-1.12,5.95,750.0,4.38,0.0
Birrong,,,,,,,
Bankstown,900000.0,0.11,5.88,21.62,750.0,4.33,10.29
Greenacre,1000000.0,2.6,6.95,11.73,850.0,4.42,13.33
Milperra,,,,,,,
Picnic Point,1350000.0,3.84,12.5,17.39,835.0,3.21,7.05
Belmore,,,,,805.0,,25.78
Belfield,,,,,700.0,,0.0
Punchbowl,,,,,,,
Roselands,1050000.0,-10.87,-17.65,0.0,875.0,4.33,16.66
Lakemba,,,,,520.0,,6.12
Wiley Park,,,,,515.0,,7.29
Campsie,1120000.0,0.9,6.66,12.0,750.0,3.48,11.94
Canterbury,1800000.0,,,,,,
Earlwood,,,,,800.0,,1.26
Kingsgrove,1450000.0,,,,880.0,3.15,6.66
Narwee,972500.0,4.73,,,850.0,4.54,19.71
Beverly Hills,1100000.0,-30.82,-4.35,13.46,735.0,3.47,5.0
Oatley,,18.36,,,850.0,,6.91
Hurstville Grove,,,,,,,
Peakhurst,1310000.0,0.0,0.76,6.93,895.0,3.55,-0.56
Lugarno,,,,,,,
Riverwood,1475000.0,,,34.09,835.0,2.94,16.78
South Hurstville,,,,,765.0,,2.0
Blakehurst,,,,,,,
Hurstville,1600000.0,15.02,77.77,23.07,795.0,2.58,8.16
Mortdale,,,,,795.0,,6.0
Penshurst,929000.0,-4.4,,,800.0,4.47,6.66
Bardwell Park,,,,,,,
Kogarah,1200000.0,9.09,,,850.0,3.68,11.84
Kogarah Bay,,,,,,,
Carlton,1060000.0,,,,790.0,3.87,5.33
Allawah,,,,,,,
Monterey,1400000.0,,,,800.0,2.97,1.91
Brighton-le-Sands,,,,,770.0,,-6.67
Kyeemagh,,,,,,,
Rockdale,,,,,595.0,,-7.04
Banksia,,,,,,,
Sans Souci,1300000.0,-1.93,0.19,11.58,825.0,3.3,3.12
Ramsgate,,,,,,,
Arncliffe,,,,,750.0,,-5.67
Bardwell Valley,,,,,,,
Bexley,1000000.0,5.26,7.64,13.63,750.0,3.9,4.16
Wolli Creek,,,,,,,
Concord,2200000.0,0.0,20.54,22.22,1100.0,2.6,22.22
Mortlake,,,,,,,
Cabarita,,,,,,,
Drummoyne,,,,,980.0,,11.36
Rodd Point,,,,,,,
Five Dock,2000000.0,,,,850.0,2.21,13.33
Abbotsford,1000000.0,5.26,2.04,2.04,785.0,4.08,-0.64
Concord West,2325000.0,,34.78,42.2,1225.0,2.73,2.08
North Strathfield,,,,,990.0,,10.0
Rhodes,,,,,1075.0,,43.33
Balmain,,,,,1100.0,,10.0
Lilyfield,,,,,940.0,,14.63
Rozelle,,,,,995.0,,13.71
Leichhardt,1425000.0,5.55,,1.78,850.0,3.1,6.25
Ashbury,,,,,,,
Croydon Park,,,,,700.0,,0.0
Enfield,,,,,,,
Dulwich Hill,,,,,750.0,,4.89
Lewisham,,,,,,,
Haberfield,,,,,,,
Homebush,,,,,800.0,,-1.85
Strathfield South,,,,,775.0,,3.33
Ashfield,,,,,840.0,,11.25
Croydon,760000.0,0.0,1.33,4.1,645.0,4.41,13.15
Strathfield,1050000.0,-7.9,-30.0,,900.0,4.45,0.0
Lane Cove North,,,,,,,
St Leonards,,,,,,,
Naremburn,,,,,1150.0,,-3.77
Artarmon,,,,,850.0,,0.0
Castle Cove,,,,,,,
Northbridge,,,,,1090.0,,
Chatswood,,,,,1100.0,,29.41
Greenwich,,,,,,,
Riverview,,,,,,,
Lane Cove,1700000.0,0.0,-11.69,6.25,1000.0,3.05,13.63
Willoughby,,,,,1125.0,,33.92
Asquith,,,,,840.0,,3.7
Mount Colah,,,,,,,
Berowra,,,,,,,
Brooklyn,620000.0,-0.8,5.08,3.33,550.0,4.61,17.02
Cowan,,,,,,,
Normanhurst,,,,,750.0,,15.38
Thornleigh,,,,,695.0,,-0.72
Westleigh,,,,,,,
Hornsby,1100000.0,-6.78,,4.76,720.0,3.4,1.4
Waitara,,,,,,,
Gordon,,,,,1275.0,,50.0
Killara,,,,,,,
Lindfield,3350000.0,0.0,35.9,,,,
Roseville,,,,,,,
Pymble,,,,,1050.0,,7.69
St Ives,1900000.0,0.0,7.64,22.58,1170.0,3.2,6.36
Turramurra,,,,,950.0,,2.7
Warrawee,,,,,,,
Cremorne,2500000.0,25.0,,25.0,1250.0,2.6,8.69
Cammeray,2350000.0,17.5,21.29,17.5,995.0,2.2,4.73
Crows Nest,3335000.0,,,,1000.0,1.55,5.26
Waverton,,,,,1100.0,,0.0
Neutral Bay,1700000.0,8.36,9.67,0.0,1150.0,3.51,0.0
Kirribilli,,,,,,,
North Sydney,,,,,1375.0,,16.52
Lavender Bay,,,,,,,
Mosman,2500000.0,-3.74,-7.41,-9.1,1500.0,3.12,11.11
Balgowlah,,,,,1400.0,,16.66
Clontarf,,,,,,,
Seaforth,,,,,1100.0,,
Manly,,,,,1225.0,,-5.41
Fairlight,,,,,1395.0,,12.5
Avalon,,,,,,,
Palm Beach,1597500.0,0.63,14.18,22.88,1000.0,3.25,5.26
Bayview,489000.0,-1.22,-14.96,,,,
Elanora Heights,,,,,,,
Newport,900000.0,0.0,0.0,-1.1,680.0,3.92,5.42
Mona Vale,2050000.0,-2.28,2.75,3.92,1265.0,3.2,5.41
North Narrabeen,,,,,,,
Beacon Hill,,,,,795.0,,13.57
Narraweena,,,,,705.0,,0.71
Cromer,730000.0,25.86,,,950.0,6.76,-4.53
Forestville,,,,,825.0,,3.12
Killarney Heights,,,,,,,
Freshwater,,,,,1225.0,,6.52
Brookvale,,,,,,,
Manly Vale,,,,,,,
Allambie Heights,,,,,,,
Terrey Hills,,,,,,,
Duffys Forest,,,,,,,
Belrose,,,,,,,
Collaroy,,,,,,,
Collaroy Plateau,,,,,,,
North Curl Curl,,,,,,,
Dee Why,,,,,950.0,,8.57
Frenchs Forest,,,,,775.0,,-8.83
Oxford Falls,,,,,,,
Narrabeen,,,,,,,
Wheeler Heights,,,,,,,
Camden,,,,,,,
Ellis Lane,,,,,,,
Currans Hill,,,,,,,
Elderslie,,,,,,,
Narellan,,,,,575.0,,12.74
Harrington Park,,,,,,,
Mount Annan,,,,,720.0,,9.92
Spring Farm,,,,,,,
Bradbury,,,,,,,
Wedderburn,,,,,,,
Campbelltown,640000.0,0.0,16.36,8.47,495.0,4.02,-6.61
Woodbine,,,,,,,
Claymore,,,,,,,
Eagle Vale,,,,,,,
Raby,,,,,,,
Leumeah,550000.0,3.96,5.76,14.7,495.0,4.68,10.0
Minto Heights,,,,,,,
Minto,615000.0,0.0,13.88,2.5,480.0,4.05,6.66
St Andrews,,,,,,,
Rosemeadow,,,,,,,
Glen Alpine,,,,,,,
Denham Court,,,,,660.0,,11.86
Bardia,,,,,,,
Glenfield,765000.0,7.76,17.69,29.66,560.0,3.8,6.66
Ingleburn,600000.0,0.0,1.69,9.09,540.0,4.68,12.5
Macquarie Fields,595000.0,0.84,8.18,12.26,510.0,4.45,13.33
Bargo,,,,,,,
Douglas Park,,,,,,,
Appin,,,,,,,
Picton,,,,,,,
Tahmoor,,,,,,,
Buxton,,,,,,,
The Oaks,,,,,,,
Oakdale,,,,,,,
Blackheath,,,,,,,
Megalong Valley,,,,,,,
Blaxland,,,,,,,
Warrimoo,,,,,,,
Lapstone,,,,,,,
Katoomba,985000.0,0.0,,,505.0,2.66,12.22
Leura,,,,,,,
Lawson,,,,,,,
Hazelbrook,,,,,,,
Linden,,,,,,,
Springwood,547000.0,11.69,37.09,63.28,480.0,4.56,9.09
Winmalee,,,,,,,
Wentworth Falls,,,,,,,
Cambridge Park,,,,,545.0,,11.22
Emu Plains,730000.0,,,5.95,645.0,4.59,7.5
Leonay,,,,,,,
Glenmore Park,834500.0,4.5,11.41,19.38,600.0,3.73,13.2
Regentville,,,,,,,
Jamisontown,,,,,520.0,,4.0
South Penrith,699000.0,,,,530.0,3.94,19.1
Kingswood,,,,,,,
Werrington,649000.0,0.0,10.94,10.18,565.0,4.52,14.14
Mulgoa,,,,,,,
Luddenham,,,,,,,
Orchard Hills,,,,,,,
Penrith,689000.0,5.23,7.82,15.02,550.0,4.15,14.58
Warragamba,,,,,,,
Silverdale,,,,,,,
Cranebrook,,,,,520.0,,8.33
Castlereagh,,,,,,,
Jordan Springs,,,,,,,
Llandilo,,,,,,,
Richmond,1150000.0,-2.09,0.0,-4.17,895.0,4.04,5.29
Clarendon,,,,,,,
Windsor,,,,,850.0,,4.93
Bligh Park,,,,,,,
Yarramundi,,,,,,,
Londonderry,,,,,,,
Erskine Park,,,,,,,
St Clair,634500.0,6.28,7.72,33.57,600.0,4.91,14.28
Colyton,,,,,,,
Oxley Park,680000.0,1.49,8.1,11.93,600.0,4.58,11.11
St Marys,660000.0,1.46,6.45,10.0,600.0,4.72,14.28
North St Marys,,,,,,,
Auburn,800000.0,1.91,5.96,0.06,685.0,4.45,3.78
Berala,,,,,665.0,,10.83
Lidcombe,1194000.0,9.14,11.06,32.81,750.0,3.26,7.14
Regents Park,,,,,,,
Newington,,,,,,,
Wentworth Point,,,,,,,
Sydney Olympic Park,,,,,,,
Ermington,1800000.0,0.0,16.12,28.57,930.0,2.68,9.41
Rydalmere,965000.0,-3.02,-16.06,-1.54,720.0,3.87,2.85
Oatlands,1200000.0,1.26,,11.62,750.0,3.25,7.14
Dundas Valley,1600000.0,6.66,0.62,6.66,800.0,2.6,0.0
Carlingford,1350000.0,1.92,-1.82,22.72,780.0,3.0,11.42
Chester Hill,1080000.0,12.44,46.14,33.33,850.0,4.09,28.78
Sefton,,,,,705.0,,2.17
Fairfield,719500.0,-2.72,2.78,2.78,610.0,4.4,10.9
Granville,785000.0,7.74,6.8,7.53,655.0,4.33,0.76
Clyde,569500.0,0.0,-2.65,1.87,530.0,4.83,10.41
Guildford,900000.0,0.0,0.0,30.43,800.0,4.62,23.07
South Granville,,,,,,,
Guildford West,,,,,995.0,,11.17
Merrylands West,,,,,750.0,,21.95
Greystanes,,5.05,,,835.0,,30.46
Merrylands,842000.0,2.83,6.58,12.26,700.0,4.32,7.69
Holroyd,,,,,,,
Pemulwuy,1157500.0,,,-1.75,,,
South Wentworthville,757500.0,-1.63,-3.51,1.67,700.0,4.8,11.11
North Parramatta,1000000.0,-4.55,5.26,11.11,720.0,3.74,6.66
North Rocks,1100000.0,,,,750.0,3.54,7.91
Northmead,907500.0,0.27,-3.97,1.96,720.0,4.12,10.76
Constitution Hill,,,,,650.0,,9.24
Winston Hills,,,,,,,
Pendle Hill,900000.0,0.0,2.85,5.88,630.0,3.64,8.62
Girraween,850000.0,0.0,4.61,13.33,650.0,3.97,10.16
Wentworthville,855000.0,0.0,-2.57,22.14,675.0,4.1,12.5
Westmead,,,,,650.0,,8.33
Parramatta,910000.0,-5.41,5.81,,700.0,4.0,11.11
Rosehill,,,,,,,
Harris Park,,,,,,,
Pennant Hills,,,,,775.0,,19.23
Cheltenham,890000.0,0.0,0.0,4.7,700.0,4.08,7.69
North Epping,,,,,,,
Gladesville,,,,,825.0,,3.77
Huntleys Point,,,,,,,
Hunters Hill,1520000.0,,,,,,
Woolwich,,,,,,,
Macquarie Park,,,,,735.0,,5.75
Marsfield,1000000.0,4.54,11.11,11.11,680.0,3.53,6.25
North Ryde,2275000.0,1.79,9.63,13.75,1075.0,2.45,15.59
East Ryde,,,,,900.0,,
West Ryde,1655000.0,-1.79,-2.65,19.06,850.0,2.67,3.03
Meadowbank,,,,,,,
Putney,,,,,1000.0,,7.52
Denistone,,,,,800.0,,-5.89
Eastwood,2000000.0,0.0,0.0,17.64,865.0,2.24,10.89
Ryde,2150000.0,1.16,10.53,48.27,900.0,2.17,12.5
Ashcroft,,,,,,,
Busby,,,,,,,
Miller,,,,,,,
Austral,,,,,695.0,,6.92
Greendale,,,,,,,
Badgerys Creek,,,,,,,
Cecil Hills,,,,,,,
Green Valley,,,,,620.0,,9.73
Hinchinbrook,,,,,550.0,,7.84
Hoxton Park,,,,,,,
Carnes Hill,,,,,,,
Horningsea Park,,,,,,,
West Hoxton,,,,,,,
Middleton Grange,,,,,730.0,,
Cobbitty,,,,,,,
Bringelly,,,,,,,
Gledswood Hills,,,,,690.0,,5.34
Gregory Hills,,,,,600.0,,0.0
Leppington,,,,,650.0,,
Catherine Field,,,,,,,
Oran Park,900000.0,-0.56,2.33,2.27,695.0,4.01,6.92
Bonnyrigg Heights,,,,,,,
Bonnyrigg,,,,,,,
Bossley Park,,,,,,,
Abbotsbury,,,,,,,
Cabramatta,599500.0,0.0,5.17,-4.69,450.0,3.9,4.65
Lansvale,,,,,,,
Cabramatta West,,,,,,,
Mount Pritchard,,,,,465.0,,16.25
Canley Vale,,,,,595.0,,19.0
Canley Heights,986000.0,-4.42,3.78,9.55,650.0,3.42,0.0
Edensor Park,,,,,600.0,,
Greenfield Park,,,,,,,
Prairiewood,,,,,,,
Horsley Park,,,,,,,
Kemps Creek,,,,,,,
Smithfield,,,,,600.0,,9.09
Wetherill Park,,,,,640.0,,
St Johns Park,,,,,,,
Wakeley,,,,,,,
Casula,795000.0,2.43,13.57,13.65,670.0,4.38,17.54
Chipping Norton,850000.0,3.12,1.25,6.31,720.0,4.4,16.12
Moorebank,929500.0,10.06,16.18,22.3,700.0,3.91,6.06
Holsworthy,,,,,700.0,,7.69
Wattle Grove,,,,,,,
Lurnea,700000.0,2.2,2.94,16.76,580.0,4.3,5.45
Cartwright,,,,,,,
Warwick Farm,,,,,,,
Edmondson Park,884500.0,2.29,,-3.34,720.0,4.23,8.27
Liverpool,714500.0,1.47,5.07,2.07,550.0,4.0,14.58
Prestons,,,,,620.0,,12.72
Gymea,1390000.0,2.66,17.29,26.36,900.0,3.36,0.0
Grays Point,,,,,,,
Miranda,1390000.0,9.23,15.83,7.12,950.0,3.55,7.95
Yowie Bay,,,,,,,
Sylvania,1300000.0,-3.99,-9.66,2.0,970.0,3.88,8.37
Taren Point,,,,,,,
Caringbah,1200000.0,-5.77,2.12,4.34,855.0,3.7,0.58
Caringbah South,1950000.0,-2.5,1.56,2.09,1250.0,3.33,8.69
Cronulla,2450000.0,3.19,6.52,13.95,1285.0,2.72,4.89
Kurnell,,,,,810.0,,15.71
Bundeena,,,,,,,
Port Hacking,,,,,,,
Dolans Bay,,,,,,,
Woolooware,1500000.0,1.69,1.69,-14.29,1075.0,3.72,7.5
Burraneer,,,,,,,
Heathcote,,,,,,,
Waterfall,,,,,,,
Illawong,,,,,,,
Alfords Point,,,,,,,
Menai,,,,,800.0,,2.56
Woronora,,,,,,,
Oyster Bay,,,,,,,
Como,700000.0,7.12,27.5,31.57,620.0,4.6,14.81
Jannali,,,,,800.0,,-4.77
Royal National Park,,,,,,,
Sutherland,1000000.0,-4.77,2.61,2.04,760.0,3.95,1.33
Kirrawee,1500000.0,3.44,42.85,50.0,900.0,3.12,5.88
Engadine,1050000.0,4.87,7.69,5.52,800.0,3.96,0.0
Loftus,,,,,,,
Yarrawarrah,,,,,,,
Woronora Heights,,,,,,,
Alfredton,460000.0,,,,400.0,4.52,9.58
Ballarat,,,,,,,
Buninyong,,,,,,,
Delacombe,,,,,,,
Smythes Creek,,,,,,,
Wendouree,,,,,,,
Miners Rest,,,,,,,
Ballarat East,390000.0,,-16.13,,400.0,5.33,11.11
Warrenheip,,,,,,,
Ballarat North,660000.0,,,,390.0,3.07,5.4
Invermay,,,,,,,
Canadian,407500.0,2.0,2.0,2.51,370.0,4.72,5.71
Mount Clear,,,,,,,
Sebastopol,362500.0,0.0,-6.46,-5.23,340.0,4.87,4.61
Redan,377000.0,-5.75,,,375.0,5.17,
Creswick,,,,,,,
Clunes,,,,,,,
Daylesford,,,,,,,
Avoca,,,,,,,
Beaufort,,,,,,,
Bendigo,499500.0,8.47,5.15,-0.1,460.0,4.78,6.97
California Gully,,,,,,,
Eaglehawk,,,,,,,
East Bendigo,,,,,,,
Kennington,,,,,,,
Flora Hill,,,,,440.0,,10.0
Spring Gully,,,,,,,
Kangaroo Flat,,,,,,,
Golden Square,,,,,400.0,,0.0
Maiden Gully,,,,,,,
Strathfieldsaye,,,,,,,
White Hills,,,,,,,
Ascot,,,,,,,
Castlemaine,,,,,,,
Kyneton,,,,,,,
Woodend,,,,,,,
Bannockburn,,,,,,,
Winchelsea,,,,,,,
Geelong,814500.0,0.0,17.61,6.47,520.0,3.31,4.0
Geelong West,769000.0,4.59,-0.78,1.51,550.0,3.71,2.8
Hamlyn Heights,659000.0,1.38,7.15,1.54,540.0,4.26,9.09
Highton,675000.0,-0.45,1.19,-2.25,540.0,4.16,-1.82
Lara,559000.0,-0.53,4.87,12.92,445.0,4.13,3.48
Leopold,790500.0,-0.57,-4.24,1.21,,,
Newcomb,,,,,470.0,,9.3
Moolap,,,,,,,
North Geelong,,,,,,,
Bell Park,580000.0,5.45,5.45,4.5,465.0,4.16,4.49
Charlemont,,,,,,,
Corio,,,,,,,
Lovely Banks,,,,,,,
Grovedale,485000.0,0.0,-0.82,-6.56,,,
Mount Duneed,585000.0,0.85,-0.85,8.33,495.0,4.4,
Norlane,437000.0,,,,440.0,5.23,10.0
Clifton Springs,,,,,,,
Lorne,,,,,,,
Anglesea,,,,,,,
Portarlington,,,,,,,
Point Lonsdale,,,,,,,
Queenscliff,,,,,,,
Torquay,850000.0,-3.96,-7.61,-5.56,625.0,3.82,2.45
Barwon Heads,1297500.0,,,,,,
Armstrong Creek,560000.0,0.08,-3.45,-0.89,495.0,4.59,1.02
Ocean Grove,1125000.0,5.52,2.5,4.65,590.0,2.72,3.5
Alexandra,,,,,,,
Euroa,,,,,,,
Kilmore,,,,,,,
Broadford,,,,,,,
Nagambie,,,,,,,
Seymour,,,,,,,
Yea,,,,,,,
Benalla,,,,,,,
Rutherglen,,,,,,,
Wangaratta,492500.0,3.14,1.75,9.44,420.0,4.43,0.0
Beechworth,,,,,,,
Bright,,,,,,,
Mount Beauty,,,,,,,
Chiltern,,,,,,,
Indigo Valley,,,,,,,
Myrtleford,,,,,,,
Towong,,,,,,,
West Wodonga,,,,,,,
Yackandandah,,,,,,,
Baranduda,,,,,,,
Leneva,,,,,,,
Wodonga,467000.0,-0.43,-1.06,6.37,420.0,4.67,6.32
Drouin,,,,,,,
Warragul,477500.0,-1.04,-2.06,,380.0,4.13,-3.8
Bairnsdale,,,,,,,
Bruthen,,,,,,,
Omeo,,,,,,,
Lake King,,,,,,,
Lakes Entrance,,,,,,,
Orbost,,,,,,,
Paynesville,,,,,,,
Foster,,,,,,,
French Island,,,,,,,
Korumburra,,,,,,,
Leongatha,,,,,,,
Wilsons Promontory,,,,,,,
Wonthaggi,,,,,,,
Inverloch,,,,,,,
Churchill,,,,,,,
Moe,420000.0,,,,,,
Newborough,,,,,,,
Morwell,,,,,,,
Yallourn North,,,,,,,
Glengarry,,,,,,,
Traralgon,449000.0,-4.55,4.66,11.55,420.0,4.86,10.52
Longford,,,,,,,
Loch Sport,,,,,,,
Maffra,,,,,,,
Rosedale,,,,,,,
Sale,439000.0,1.25,-1.24,-11.32,395.0,4.67,-12.23
Yarram,,,,,,,
Brunswick East,990000.0,1.53,16.47,20.73,720.0,3.78,2.85
Brunswick West,700000.0,1.44,0.0,0.71,630.0,4.68,5.88
Pascoe Vale South,700000.0,-5.4,-6.67,-9.1,575.0,4.27,8.49
Brunswick,900000.0,0.5,4.65,6.5,660.0,3.81,1.53
Coburg,750000.0,7.14,9.17,4.16,600.0,4.16,7.14
Alphington,1150000.0,0.0,9.52,16.16,795.0,3.59,13.57
Thornbury,765000.0,-5.0,-0.65,-10.0,680.0,4.62,8.8
Northcote,885000.0,-1.12,-1.67,2.9,725.0,4.25,3.57
Ascot Vale,855000.0,2.43,13.24,8.22,675.0,4.1,7.14
Flemington,899000.0,0.0,0.0,3.33,590.0,3.41,7.27
Moonee Ponds,790000.0,0.0,0.0,-1.25,690.0,4.54,6.15
Aberfeldie,,,,,685.0,,-12.74
Essendon,770000.0,-2.6,-3.15,2.66,630.0,4.25,14.54
Docklands,1425000.0,2.65,,-16.18,1000.0,3.64,0.0
East Melbourne,,,,,870.0,,4.19
Parkville,,,,,790.0,,9.72
South Yarra,1500000.0,-2.6,-3.23,0.0,940.0,3.25,7.42
West Melbourne,1600000.0,39.19,45.45,8.1,880.0,2.86,15.78
North Melbourne,1100000.0,10.0,7.57,-15.39,750.0,3.54,7.14
South Wharf,,,,,,,
Southbank,,,,,,,
Albert Park,,,,,,,
Elwood,1699000.0,1.51,8.73,19.22,930.0,2.84,9.41
Port Melbourne,1275000.0,0.0,-1.93,-8.93,950.0,3.87,0.0
St Kilda East,900000.0,-8.07,-9.55,-9.78,780.0,4.5,4.0
South Melbourne,1355000.0,3.32,,-12.59,870.0,3.33,-6.46
St Kilda,870000.0,2.84,-24.35,-24.35,810.0,4.84,-4.71
Armadale,450000.0,7.15,47.78,63.63,510.0,5.89,13.33
Prahran,1100000.0,,-13.73,-6.19,905.0,4.27,2.84
Toorak,1750000.0,2.94,55.9,-11.4,975.0,2.89,8.33
Carlton North,,,,,760.0,,-5.0
Princes Hill,,,,,,,
Collingwood,1162500.0,,,,860.0,3.84,10.25
Fitzroy,1250000.0,0.0,-10.53,5.26,980.0,4.07,1.55
Fitzroy North,1000000.0,0.0,0.0,-6.98,800.0,4.16,11.11
Clifton Hill,1225000.0,0.0,20.15,,795.0,3.37,0.0
Balwyn,1800000.0,0.0,-2.58,-1.37,750.0,2.16,0.0
Balwyn North,1495000.0,5.89,-6.57,-9.4,950.0,3.3,7.34
Camberwell,1500000.0,3.3,-5.96,-9.1,815.0,2.82,5.16
Glen Iris,1262500.0,1.0,-10.47,-5.72,815.0,3.35,2.51
Hawthorn East,1150000.0,0.0,-4.17,-22.04,800.0,3.61,-6.98
Kew East,1300000.0,-4.68,-10.35,42.85,835.0,3.34,16.78
Hawthorn,1250000.0,0.0,-12.29,-21.88,790.0,3.28,6.75
Kew,1347500.0,5.6,-9.72,-2.89,800.0,3.08,6.66
Bulleen,1100000.0,6.22,-4.35,-4.35,750.0,3.54,8.69
Doncaster,1075000.0,0.46,-1.2,-0.84,750.0,3.62,7.14
Templestowe,1100000.0,10.0,11.11,5.76,700.0,3.3,7.69
Templestowe Lower,1100000.0,0.0,4.76,0.0,750.0,3.54,7.14
Doncaster East,1250000.0,1.2,-1.97,4.21,750.0,3.12,7.91
Blackburn,1062500.0,13.42,6.67,4.16,695.0,3.4,2.96
Blackburn South,900000.0,1.67,-12.2,-10.0,755.0,4.36,11.02
Box Hill North,1080000.0,-0.46,0.0,8.0,690.0,3.32,0.0
Burwood East,1000000.0,0.0,-7.41,-7.41,800.0,4.16,0.62
Mont Albert,,,,,775.0,,17.42
Beaumaris,1692500.0,-0.45,-5.98,12.83,1000.0,3.07,11.73
Brighton East,1485000.0,-1.17,5.31,-6.61,965.0,3.37,4.32
Hampton,1512500.0,8.03,0.16,0.83,920.0,3.16,-2.13
Sandringham,1250000.0,13.8,-3.85,-10.72,800.0,3.32,-3.04
Black Rock,1790000.0,-2.33,8.48,11.87,850.0,2.46,-8.61
Bentleigh,1450000.0,1.78,3.57,13.28,850.0,3.04,4.29
McKinnon,950000.0,2.15,-7.28,-20.84,850.0,4.65,7.59
Carnegie,1200000.0,0.0,0.08,0.08,680.0,2.94,3.81
Caulfield,1650000.0,3.03,17.85,0.0,890.0,2.8,7.87
Elsternwick,1404500.0,4.53,12.36,,750.0,2.77,-3.23
Hughesdale,950000.0,-0.53,7.95,6.74,680.0,3.72,9.67
Murrumbeena,1290000.0,1.0,12.17,29.0,800.0,3.22,19.4
Ormond,1150000.0,4.54,11.65,-4.57,895.0,4.04,7.83
Glen Huntly,825000.0,-15.0,-21.43,-20.49,700.0,4.41,7.69
Bentleigh East,1300000.0,1.56,0.0,4.0,980.0,3.92,8.88
Aspendale Gardens,,,,,,,
Waterways,,,,,,,
Braeside,,,,,,,
Carrum,835000.0,-3.98,-9.24,5.69,695.0,4.32,13.93
Patterson Lakes,835000.0,7.05,13.6,8.44,580.0,3.61,0.86
Chelsea,900000.0,-5.76,-10.0,-4.26,700.0,4.04,8.52
Bonbeach,880000.0,-1.7,-4.09,-7.37,630.0,3.72,-0.79
Chelsea Heights,,,,,,,
Edithvale,890000.0,0.0,-1.12,-10.11,715.0,4.17,13.49
Aspendale,1275000.0,-1.35,-1.93,21.42,720.0,2.93,-1.37
Mentone,990000.0,2.3,-1.0,-5.72,750.0,3.93,7.91
Moorabbin,1200000.0,2.12,14.28,-4.0,890.0,3.85,28.05
Heatherton,,,,,,,
Mordialloc,1050000.0,5.52,11.7,0.0,725.0,3.59,5.83
Parkdale,1192500.0,-2.32,1.05,8.4,765.0,3.33,-3.17
Malvern,,,,,900.0,,5.88
Malvern East,1275000.0,7.08,31.44,7.14,750.0,3.05,7.14
Bundoora,649000.0,0.0,-0.92,-0.16,530.0,4.24,1.92
Greensborough,850000.0,13.33,13.33,21.42,600.0,3.67,8.1
Heidelberg,820000.0,1.85,-2.39,1.29,600.0,3.8,7.14
Rosanna,890000.0,-5.65,-9.19,1.71,660.0,3.85,5.6
Heidelberg West,725000.0,3.57,3.57,5.07,600.0,4.3,15.38
Ivanhoe,1035000.0,8.25,3.5,-1.43,690.0,3.46,15.0
Ivanhoe East,,,,,820.0,,5.12
Eaglemont,,,,,,,
Montmorency,880000.0,-1.14,0.0,-20.0,680.0,4.01,16.23
Briar Hill,,,,,,,
Viewbank,,,,,605.0,,14.15
Yallambie,,,,,,,
Watsonia,800000.0,,,,650.0,4.22,22.64
Kingsbury,634000.0,0.0,,,510.0,4.18,9.67
Preston,695000.0,-0.08,-0.36,-0.72,600.0,4.48,7.14
Reservoir,652500.0,0.0,0.38,-0.69,550.0,4.38,14.58
Eltham,860000.0,3.61,1.17,7.5,650.0,3.93,10.16
Hurstbridge,,,,,,,
Panton Hill,,,,,,,
Plenty,,,,,,,
Yarrambat,,,,,,,
Research,,,,,,,
North Warrandyte,,,,,,,
Wattle Glen,,,,,,,
Diamond Creek,,,,,,,
Mill Park,550000.0,14.06,11.11,10.0,550.0,5.2,26.43
Thomastown,699500.0,1.37,1.37,27.18,500.0,3.71,6.38
Wallan,,,,,425.0,,3.65
Whittlesea,,,,,,,
Epping,500000.0,-1.89,0.0,3.09,490.0,5.09,8.88
South Morang,553000.0,0.0,1.46,8.43,510.0,4.79,12.08
Wollert,530000.0,0.95,1.24,1.92,500.0,4.9,16.27
Doreen,530000.0,0.0,-3.64,-0.94,490.0,4.8,16.66
Lalor,580000.0,3.5,7.4,7.9,500.0,4.48,8.69
Mernda,495000.0,1.56,3.12,3.12,480.0,5.04,14.28
Airport West,700000.0,-1.41,-6.67,-2.78,575.0,4.27,8.49
Keilor,,,,,,,
Niddrie,792500.0,0.63,0.31,-0.94,650.0,4.26,12.06
Essendon West,,-13.6,,,700.0,,-2.78
Strathmore,900000.0,2.31,-9.1,-14.29,695.0,4.01,12.09
Avondale Heights,775000.0,1.29,10.71,-1.9,650.0,4.36,18.18
Keilor East,725000.0,-3.34,-8.23,-4.61,650.0,4.66,18.18
Gisborne,,,,,,,
Macedon,,,,,,,
Riddells Creek,,,,,,,
Romsey,,,,,,,
Coburg North,660000.0,0.0,-10.82,0.0,550.0,4.33,7.84
Fawkner,600000.0,4.8,-2.68,3.44,545.0,4.72,9.0
Gowanbrae,,,,,,,
Hadfield,645000.0,3.18,0.78,0.78,530.0,4.27,6.0
Glenroy,585000.0,-1.69,0.0,-1.69,525.0,4.66,10.52
Oak Park,695000.0,-0.73,8.17,6.92,550.0,4.11,7.84
Pascoe Vale,665000.0,0.0,6.4,1.52,550.0,4.3,10.0
Sunbury,537500.0,0.0,-2.28,7.93,475.0,4.59,9.19
Diggers Rest,,,,,,,
Broadmeadows,452500.0,0.0,-2.69,-5.73,480.0,5.51,14.28
Campbellfield,,,,,,,
Coolaroo,,,,,,,
Gladstone Park,,,,,,,
Westmeadows,,,,,520.0,,8.33
Greenvale,575000.0,4.54,4.54,4.54,545.0,4.92,11.22
Bulla,,,,,,,
Meadow Heights,495000.0,0.0,5.31,4.21,490.0,5.14,16.66
Melbourne Airport,,,,,,,
Tullamarine,567500.0,-2.61,-1.74,-1.31,545.0,4.99,11.22
Craigieburn,440000.0,0.0,8.64,4.76,460.0,5.43,15.0
Mickleham,545500.0,0.0,1.86,10.2,490.0,4.67,13.95
Yuroke,,,,,,,
Somerton,,,,,,,
Roxburgh Park,465000.0,-0.54,1.63,-2.11,495.0,5.53,16.47
Bayswater,420000.0,6.51,5.26,-5.09,595.0,7.36,11.21
Knoxfield,782500.0,1.62,7.19,7.19,600.0,3.98,9.09
Scoresby,640000.0,-1.93,-2.67,-2.3,,,
Lysterfield,,,,,,,
Rowville,750000.0,0.0,2.95,2.73,585.0,4.05,14.7
Wantirna,690000.0,1.84,1.09,1.47,560.0,4.22,7.69
Wantirna South,825000.0,1.34,17.85,20.0,605.0,3.81,8.03
Boronia,680000.0,1.87,0.74,1.49,575.0,4.39,16.16
Ferntree Gully,655000.0,0.0,-0.76,-4.38,610.0,4.84,6.08
Upper Ferntree Gully,,,,,,,
The Basin,,,,,,,
Donvale,985000.0,-10.1,-10.46,-6.2,650.0,3.43,5.69
Park Orchards,,,,,,,
Warrandyte,,,,,,,
Wonga Park,,,,,,,
Bayswater North,700000.0,0.0,1.44,,,,
Croydon Hills,,,,,,,
Warranwood,,,,,,,
Ringwood,820000.0,3.79,3.79,3.92,650.0,4.12,8.33
Ringwood East,850000.0,-4.5,-2.3,0.0,675.0,4.12,15.38
Ringwood North,,,,,,,
Croydon South,750000.0,-6.48,4.16,,665.0,4.61,
Forest Hill,900000.0,0.27,2.27,5.88,690.0,3.98,15.0
Nunawading,907500.0,1.66,-4.48,-0.82,650.0,3.72,9.24
Vermont,1050000.0,-2.33,-4.55,18.64,640.0,3.16,2.4
Vermont South,1180000.0,0.0,,,700.0,3.08,7.69
Belgrave,,,,,,,
Selby,,,,,,,
Chirnside Park,680000.0,0.37,1.11,4.61,600.0,4.58,13.2
Healesville,,,,,,,
Yarra Glen,,,,,,,
Kilsyth,650000.0,1.56,1.56,0.77,550.0,4.4,5.76
Lilydale,635000.0,0.47,11.4,7.62,520.0,4.25,13.04
Coldstream,,,,,,,
Monbulk,,,,,,,
Silvan,,,,,,,
Montrose,,,,,,,
Mooroolbark,620500.0,0.72,-0.25,-1.51,550.0,4.6,3.77
Mount Dandenong,,,,,,,
Olinda,,,,,,,
Mount Evelyn,,,,,,,
Upwey,,,,,,,
Tecoma,,,,,,,
Seville,,,,,,,
Emerald,349500.0,6.13,20.51,21.56,425.0,6.32,11.84
Cockatoo,,,,,,,
Officer,555000.0,1.75,4.71,12.12,520.0,4.87,15.55
Bunyip,,,,,,,
Garfield,,,,,,,
Koo Wee Rup,,,,,,,
Pakenham,500000.0,0.0,0.0,0.0,485.0,5.04,7.77
Berwick,664000.0,-2.36,2.15,-7.78,560.0,4.38,9.8
Doveton,599500.0,0.0,8.21,3.54,580.0,5.03,13.72
Hallam,594500.0,-0.17,2.5,4.29,510.0,4.46,8.51
Narre Warren North,,,,,,,
Endeavour Hills,665000.0,-4.32,-3.28,3.1,600.0,4.69,7.14
Narre Warren,600000.0,-1.64,-3.23,0.84,590.0,5.11,20.4
Cranbourne,547500.0,-0.46,9.71,5.49,510.0,4.84,10.86
Cranbourne South,,,,,,,
Cranbourne West,560000.0,1.63,1.81,5.66,560.0,5.2,8.73
Lynbrook,,,,,550.0,,
Lyndhurst,,,,,,,
Pearcedale,,,,,,,
Tooradin,,,,,,,
Narre Warren South,,,,,,,
Clyde North,571500.0,0.26,2.05,-0.96,530.0,4.82,10.41
Cranbourne East,500000.0,0.98,0.0,1.01,,,
Cranbourne North,477500.0,,,,,,
Hampton Park,600000.0,0.0,6.19,5.26,550.0,4.76,14.58
Clarinda,,,,,715.0,,13.49
Oakleigh South,890000.0,2.02,3.6,3.48,750.0,4.38,10.29
Clayton South,790000.0,0.0,0.0,3.26,640.0,4.21,4.91
Dandenong North,690000.0,,0.72,9.52,600.0,4.52,16.5
Dingley Village,800000.0,1.91,,,,,
Noble Park North,,,,,,,
Springvale,680000.0,-0.72,-1.45,0.0,620.0,4.74,12.72
Springvale South,715000.0,1.42,3.62,2.14,590.0,4.29,11.32
Noble Park,600000.0,0.0,3.44,0.0,550.0,4.76,10.0
Dandenong,560000.0,-0.9,-0.89,5.66,530.0,4.92,17.77
Keysborough,738000.0,0.2,2.64,5.5,670.0,4.72,11.66
Ashwood,1262500.0,-3.85,32.89,20.23,745.0,3.06,7.97
Chadstone,980000.0,0.78,0.51,10.11,680.0,3.6,5.42
Glen Waverley,1300000.0,-3.71,0.0,11.58,725.0,2.9,3.57
Mount Waverley,1280000.0,2.4,6.66,11.3,780.0,3.16,11.42
Mulgrave,855000.0,-2.23,0.58,0.58,650.0,3.95,7.43
Oakleigh,945000.0,3.33,-1.57,5.0,720.0,3.96,10.76
Huntingdale,,,,,,,
Wheelers Hill,852500.0,0.0,-13.02,,695.0,4.23,-0.72
Notting Hill,,,,,705.0,,15.57
Clayton,812500.0,0.59,-4.42,-2.11,650.0,4.16,4.83
Ardeer,,,,,530.0,,17.77
Albion,595000.0,0.0,6.25,13.33,490.0,4.28,19.51
Cairnlea,,,,,535.0,,11.45
Delahey,,,,,,,
Keilor Downs,600000.0,0.0,-3.23,-7.7,515.0,4.46,7.29
Sunshine,640000.0,-5.62,-5.89,-7.92,550.0,4.46,19.56
Sunshine North,670000.0,1.97,0.0,-1.48,560.0,4.34,1.81
Sunshine West,600000.0,0.0,-3.23,3.44,550.0,4.76,19.56
Taylors Lakes,607500.0,-6.07,,,450.0,3.85,9.75
Deer Park,,,,,440.0,,6.02
Derrimut,,,,,,,
Altona,890000.0,0.28,1.13,4.7,655.0,3.82,5.64
Altona Meadows,,,,,520.0,,15.55
Altona North,835000.0,-1.08,-2.8,5.03,680.0,4.23,13.33
Seabrook,,,,,,,
Williamstown,1074500.0,0.0,0.0,-13.7,735.0,3.55,5.0
Braybrook,640000.0,1.58,0.0,-4.48,570.0,4.63,14.0
Footscray,745000.0,0.0,0.0,2.05,580.0,4.04,5.45
Maribyrnong,650000.0,0.0,0.0,-4.42,580.0,4.64,11.53
Seddon,750000.0,2.68,-1.32,-17.59,650.0,4.5,10.16
Kingsville,627500.0,,-6.35,,580.0,4.8,5.45
West Footscray,650000.0,-2.97,-6.48,0.0,590.0,4.72,7.27
Tottenham,,,,,,,
Yarraville,900000.0,5.88,16.88,13.92,690.0,3.98,6.15
Bacchus Marsh,,,,,,,
Melton West,,,,,,,
Rockbank,480000.0,-3.26,-9.95,,,,
Mount Cottrell,,,,,,,
Taylors Hill,525000.0,-0.95,,,460.0,4.55,9.52
Burnside,,,,,,,
Burnside Heights,,,,,,,
Caroline Springs,495000.0,-1.0,-4.81,-5.72,460.0,4.83,6.97
Brookfield,425000.0,,,,,,
Eynesbury,,,,,,,
Exford,,,,,,,
Hillside,,,,,,,
Kurunjang,,,,,,,
Toolern Vale,,,,,,,
Melton,,,,,425.0,,21.42
Melton South,,,,,420.0,,10.52
Hoppers Crossing,,,,,430.0,,4.87
Laverton,560000.0,0.0,1.81,-1.33,520.0,4.82,15.55
Werribee,495000.0,1.83,0.0,3.12,450.0,4.72,12.5
Point Cook,580000.0,-0.87,-3.34,1.75,500.0,4.48,13.63
Tarneit,510000.0,1.8,4.08,13.33,480.0,4.89,23.07
Truganina,523500.0,-0.29,4.7,6.83,480.0,4.76,6.66
Wyndham Vale,515000.0,-1.42,-11.21,6.18,450.0,4.54,11.11
Carrum Downs,600000.0,0.0,2.12,1.69,570.0,4.94,14.0
Frankston,640000.0,3.22,3.39,0.0,570.0,4.63,9.61
Frankston North,,,,,,,
Frankston South,785000.0,3.26,-0.64,9.02,650.0,4.3,12.06
Langwarrin,,-0.72,,,590.0,,1.72
Skye,,,,,,,
Sandhurst,,,,,,,
Dromana,950000.0,0.0,-9.1,1.11,630.0,3.44,5.0
Hastings,640000.0,-1.54,8.47,15.31,580.0,4.71,1.75
Somers,,,,,,,
Mount Eliza,,,,,,,
Mount Martha,900000.0,0.0,0.0,8.43,645.0,3.72,7.5
Rosebud,840000.0,-0.59,-6.67,-6.15,640.0,3.96,14.28
McCrae,1145000.0,-0.44,6.51,,700.0,3.17,16.66
Somerville,,,,,,,
Mornington,1350000.0,3.64,8.0,22.72,650.0,2.5,4.83
Ararat,,,,,,,
Horsham,475000.0,0.0,-2.47,-17.25,380.0,4.16,0.0
St Arnaud,,,,,,,
Stawell,,,,,,,
Irymple,,,,,,,
Merbein,,,,,,,
Red Cliffs,,,,,,,
Mildura,380000.0,2.01,14.28,3.54,400.0,5.47,5.26
Gannawarra,,,,,,,
Kerang,,,,,,,
Robinvale,,,,,,,
Swan Hill,,,,,,,
Echuca,520000.0,0.0,,,430.0,4.3,0.0
Kyabram,,,,,,,
Lockington,,,,,,,
Gunbower,,,,,,,
Rochester,,,,,,,
Rushworth,,,,,,,
Cobram,,,,,,,
Numurkah,,,,,,,
Yarrawonga,553000.0,2.02,9.07,23.16,460.0,4.32,1.09
Mooroopna,,,,,,,
Shepparton,450000.0,0.55,0.0,18.42,470.0,5.43,14.63
Kialla,,,,,500.0,,
Portland,,,,,,,
Colac,,,,,390.0,,-2.5
Warrnambool,480000.0,0.0,-4.96,-12.73,500.0,5.41,6.38
Alexandra Hills,,,,,,,
Gumdale,,,,,,,
Birkdale,,,,,610.0,,5.17
Capalaba,559500.0,6.06,16.8,25.73,560.0,5.2,12.0
Thorneside,520000.0,0.97,,30.32,500.0,5.0,6.38
Wellington Point,699000.0,,27.09,31.88,550.0,4.09,7.84
Cleveland,700000.0,0.57,16.66,40.28,590.0,4.38,9.25
Ormiston,650000.0,8.6,8.51,15.14,730.0,5.84,2.09
Redland Bay,564000.0,-3.42,-2.68,,,,
Sheldon,,,,,,,
Mount Cotton,,,,,,,
Thornlands,622500.0,1.63,15.49,24.74,600.0,5.01,9.09
Victoria Point,769500.0,8.94,46.57,60.47,725.0,4.89,29.46
North Stradbroke Island,,,,,,,
Lytton,,,,,,,
Lota,,,,,,,
Manly West,775000.0,9.33,24.49,29.81,650.0,4.36,15.04
Murarrie,,,,,750.0,,7.14
Tingalpa,590000.0,1.3,2.6,23.68,620.0,5.46,9.73
Wakerley,,,,,620.0,,5.98
Wynnum,757500.0,7.14,13.05,26.35,580.0,3.98,1.75
Wynnum West,690000.0,2.22,6.31,40.24,630.0,4.74,5.88
Hemmant,,,,,,,
Bald Hills,,,,,560.0,,12.0
Bridgeman Downs,510000.0,0.0,-8.77,-10.37,650.0,6.62,4.83
Carseldine,625000.0,0.58,9.17,17.48,600.0,4.99,9.09
Everton Park,750000.0,2.73,11.19,10.7,650.0,4.5,6.55
McDowall,835000.0,1.22,8.37,35.77,750.0,4.67,8.69
Aspley,589500.0,8.26,7.18,23.06,570.0,5.02,7.54
Chermside,650000.0,0.85,13.04,28.71,610.0,4.88,16.19
Chermside West,,,,,,,
Geebung,,,,,,,
Kedron,875000.0,0.11,16.66,44.62,625.0,3.71,11.6
Gordon Park,,,,,650.0,,8.33
Stafford,,,,,675.0,,6.29
Stafford Heights,,,,,,,
Wavell Heights,,,,,,,
Boondall,700000.0,9.21,,,625.0,4.64,7.75
Pinkenba,,,,,,,
Northgate,,,,,,,
Virginia,,,,,,,
Nudgee,,,,,490.0,,-24.62
Banyo,,,,,,,
Nundah,715000.0,0.0,2.14,23.91,660.0,4.8,4.76
Bracken Ridge,625000.0,4.71,25.62,47.05,620.0,5.15,10.71
Deagon,,,,,,,
Sandgate,,,,,,,
Shorncliffe,,,,,,,
Taigum,689000.0,6.72,25.5,50.1,590.0,4.45,7.27
Fitzgibbon,,,,,505.0,,5.2
Zillmere,599000.0,6.96,19.91,39.3,550.0,4.77,7.84
Camp Hill,900000.0,5.88,5.88,5.88,700.0,4.04,7.69
Cannon Hill,,,,,745.0,,7.19
Carina,875000.0,11.46,29.62,28.67,670.0,3.98,8.06
Carina Heights,800000.0,-3.34,15.52,23.07,650.0,4.22,13.04
Carindale,760000.0,3.28,8.96,11.76,665.0,4.55,-5.68
Annerley,,,,,680.0,,13.33
Coorparoo,910000.0,1.11,,13.75,695.0,3.97,5.3
Dutton Park,,,,,,,
Greenslopes,950000.0,,7.95,39.8,640.0,3.5,6.66
Holland Park,,,,,650.0,,18.18
Holland Park West,,,,,,,
Woolloongabba,,,,,,,
Yeronga,899000.0,9.63,19.86,45.23,650.0,3.75,9.24
Eight Mile Plains,687500.0,1.48,21.68,37.77,600.0,4.53,7.14
Mount Gravatt,,,,,625.0,,7.75
Rochedale,900000.0,0.0,2.38,16.42,790.0,4.56,5.33
Burbank,,,,,,,
Upper Mount Gravatt,,,,,585.0,,-5.65
Wishart,,,,,595.0,,0.0
Coopers Plains,,,,,,,
Moorooka,,,,,600.0,,9.09
Salisbury,,,,,,,
Nathan,,,,,,,
Tarragindi,,,,,,,
Algester,657500.0,0.72,13.36,44.5,680.0,5.37,28.3
Calamvale,650000.0,10.26,25.0,43.64,600.0,4.8,9.09
Stretton,,,,,,,
Pallara,,,,,,,
Willawong,,,,,,,
Parkinson,630000.0,2.43,26.0,26.0,620.0,5.11,8.77
Drewvale,,,,,,,
Rocklea,,,,,,,
Acacia Ridge,,,,,,,
Kuraby,,6.59,,,545.0,,11.22
Runcorn,649000.0,2.74,22.45,38.37,600.0,4.8,15.38
Sunnybank,865000.0,1.71,46.61,35.36,635.0,3.81,5.83
Sunnybank Hills,659500.0,3.36,23.61,44.94,650.0,5.12,25.0
Jindalee,,,,,,,
Mount Ommaney,,,,,,,
Middle Park,,,,,,,
Jamboree Heights,,,,,,,
Riverhills,,,,,,,
Seventeen Mile Rocks,,,,,,,
Sinnamon Park,,,,,,,
Westlake,,,,,,,
Bellbowrie,,,,,,,
Moggill,,,,,,,
Kenmore Hills,,,,,,,
Chapel Hill,,,,,,,
Fig Tree Pocket,,,,,,,
Kenmore,1100000.0,,,,850.0,4.01,32.81
Pinjarra Hills,,,,,,,
Pullenvale,,,,,,,
Chelmer,,,,,,,
Graceville,,,,,,,
Corinda,,,,,580.0,,-3.34
Indooroopilly,,,,,750.0,,9.48
Sherwood,,,,,630.0,,10.52
St Lucia,1100000.0,18.27,,,770.0,3.64,10.0
Taringa,1869000.0,,0.53,96.73,685.0,1.9,1.48
Enoggera,,,,,650.0,,8.33
Enoggera Reservoir,,,,,,,
Keperra,,,,,,,
Mitchelton,885000.0,,,,685.0,4.02,19.13
The Gap,,,,,,,
Upper Kedron,,,,,,,
Ferny Grove,,,,,,,
Brisbane City,,,,,,,
Fortitude Valley,,,,,,,
Highgate Hill,,,,,750.0,,7.14
Kangaroo Point,,,,,935.0,,-1.06
New Farm,,,,,900.0,,0.0
South Brisbane,,,,,,,
Spring Hill,,,,,755.0,,4.13
West End,,,,,,,
Balmoral,,,,,695.0,,13.0
Bulimba,,,,,830.0,,6.41
East Brisbane,,,,,650.0,,6.55
Hawthorne,,,,,775.0,,3.33
Morningside,850000.0,7.5,21.42,30.76,680.0,4.16,4.61
Norman Park,,,,,725.0,,-2.03
Alderley,,,,,650.0,,8.33
Clayfield,965000.0,12.0,20.62,52.68,640.0,3.44,12.28
Grange,,,,,630.0,,
Hendra,,,,,800.0,,11.11
Kelvin Grove,,,,,765.0,,20.47
Herston,,,,,625.0,,-2.35
Newmarket,,,,,715.0,,15.32
Newstead,,,,,,,
Bowen Hills,,,,,,,
Wilston,,,,,675.0,,3.84
Wooloowin,,,,,730.0,,10.6
Lutwyche,,,,,600.0,,0.0
Ashgrove,,,,,720.0,,5.88
Auchenflower,,,,,,,
Bardon,,,,,775.0,,14.81
Milton,,,,,,,
Toowong,,,,,660.0,,1.53
Brinsmead,,,,,,,
Clifton Beach,,,,,,,
Kewarra Beach,,,,,,,
Stratford,,,,,,,
Redlynch,,,,,470.0,,4.44
Trinity Beach,,,,,520.0,,13.04
Yorkeys Knob,355000.0,1.42,8.39,20.33,450.0,6.59,0.0
Machans Beach,,,,,,,
Bentley Park,,,,,450.0,,
Cairns City,,,,,,,
Earlville,,,,,,,
Bayview Heights,,,,,,,
Edmonton,435000.0,-1.38,-17.77,117.5,420.0,5.02,7.69
Gordonvale,,,,,,,
Kanimbla,,,,,,,
Mooroobool,,,,,480.0,,26.31
Manoora,300000.0,,12.35,34.83,430.0,7.45,10.25
Manunda,359000.0,-3.38,24.22,20.06,420.0,6.08,5.0
Mount Sheridan,,,,,,,
Westcourt,,,,,,,
Bungalow,,,,,,,
White Rock,,,,,,,
Whitfield,,,,,500.0,,25.0
Edge Hill,,,,,440.0,,4.76
Woree,,,,,380.0,,5.55
Babinda,,,,,,,
Innisfail,,,,,,,
Tully,,,,,,,
Yarrabah,,,,,,,
Daintree,,,,,,,
Port Douglas,1000000.0,-3.58,11.23,41.34,550.0,2.86,10.0
Atherton,470000.0,,20.66,10.58,,,
Herberton,,,,,,,
Kuranda,,,,,,,
Malanda,,,,,,,
Yungaburra,,,,,,,
Mareeba,,,,,,,
Chinchilla,,,,,,,
Goondiwindi,,,,,,,
Inglewood,549000.0,9.01,0.0,3.78,730.0,6.91,37.73
Miles,,,,,,,
Wandoan,,,,,,,
Roma,,,,,,,
Tara,,,,,,,
Jondaryan,,,,,,,
Millmerran,,,,,,,
Pittsworth,,,,,,,
Clifton,,,,,,,
Greenmount,,,,,,,
Stanthorpe,,,,,,,
Warwick,447000.0,1.59,13.16,33.63,390.0,4.53,8.33
Berserker,,,,,,,
Bouldercombe,,,,,,,
Emu Park,,,,,,,
Frenchville,,,,,,,
Glenlee,,,,,,,
Rockyview,,,,,,,
Gracemere,,,,,,,
Lakes Creek,,,,,,,
Mount Morgan,,,,,,,
Norman Gardens,,,,,,,
Park Avenue,,,,,,,
Parkhurst,,,,,,,
Kawana,,,,,,,
Rockhampton,,,,,,,
Rockhampton City,145000.0,,,,,,
The Range,,,,,,,
Allenstown,,,,,,,
Yeppoon,,,,,580.0,,16.0
Banana,,,,,,,
Biloela,,,,,,,
Agnes Water,595000.0,0.0,5.3,54.54,500.0,4.36,4.16
Miriam Vale,,,,,,,
Boyne Island,,,,,,,
Tannum Sands,,,,,400.0,,12.67
Callemondah,,,,,,,
Clinton,,,,,,,
New Auckland,332000.0,,,,420.0,6.57,21.73
Gladstone,,,,,390.0,,0.0
Kin Kora,,,,,,,
Sun Valley,,,,,,,
Telina,,,,,,,
Toolooa,,,,,,,
West Gladstone,,,,,420.0,,23.52
Broadbeach Waters,,,,,795.0,,-6.48
Burleigh Heads,1100000.0,-16.55,-21.38,-6.03,950.0,4.49,5.55
Burleigh Waters,800000.0,0.75,11.49,6.66,840.0,5.46,12.0
Mermaid Beach,2200000.0,-5.11,4.76,29.41,760.0,1.79,-19.15
Broadbeach,,,,,,,
Mermaid Waters,799000.0,0.0,5.27,14.14,760.0,4.94,4.82
Miami,1450000.0,0.0,28.88,49.48,850.0,3.04,0.0
Coolangatta,,,,,900.0,,-9.55
Currumbin,,,,,825.0,,-3.51
Tugun,967500.0,1.84,13.89,21.08,800.0,4.29,1.26
Currumbin Waters,811500.0,1.75,16.09,8.34,800.0,5.12,6.66
Elanora,799000.0,0.06,9.45,23.11,730.0,4.75,4.28
Arundel,762000.0,10.8,21.14,38.79,680.0,4.64,4.61
Biggera Waters,775000.0,-5.01,8.16,24.49,690.0,4.62,6.15
Coombabah,675000.0,3.07,14.5,29.93,650.0,5.0,0.0
Labrador,690000.0,1.41,17.04,25.68,650.0,4.89,4.83
Paradise Point,1650000.0,0.0,26.92,38.65,700.0,2.2,16.66
Hollywell,,,,,,,
Runaway Bay,900000.0,-1.1,-3.75,-5.27,765.0,4.42,10.07
Guanaba,,,,,,,
Springbrook,,,,,,,
Tamborine,,,,,,,
Canungra,,,,,,,
Currumbin Valley,,,,,,,
Tallebudgera,,,,,,,
Mudgeeraba,727000.0,-2.8,4.0,11.93,750.0,5.36,10.29
Bonogin,,,,,,,
Reedy Creek,719000.0,4.76,19.93,20.03,705.0,5.09,8.46
Andrews,,,,,,,
Carrara,797500.0,2.26,14.09,33.13,745.0,4.85,9.55
Highland Park,685000.0,13.33,21.45,37.13,690.0,5.23,15.0
Nerang,622000.0,4.34,23.78,29.04,625.0,5.22,5.93
Mount Nathan,,,,,,,
Pacific Pines,675000.0,2.46,15.38,28.57,670.0,5.16,4.68
Gaven,,,,,,,
Worongary,,,,,,,
Tallai,,,,,,,
Coomera,649000.0,3.0,15.58,21.64,620.0,4.96,6.89
Helensvale,680000.0,4.89,33.33,41.96,780.0,5.96,25.8
Hope Island,947000.0,4.34,11.41,19.11,810.0,4.44,5.19
Jacobs Well,,,,,,,
Alberton,,,,,,,
Oxenford,619000.0,-0.82,9.65,21.37,600.0,5.04,9.09
Maudsland,,,,,,,
Stapylton,,,,,,,
Yatala,,,,,,,
Pimpama,650000.0,3.17,14.53,30.0,620.0,4.96,7.82
Wongawallan,,,,,,,
Upper Coomera,699000.0,1.01,18.07,27.2,640.0,4.76,6.66
Willow Vale,,,,,,,
Clear Island Waters,1100000.0,16.4,37.58,48.64,850.0,4.01,7.59
Merrimac,700000.0,0.14,8.52,16.86,745.0,5.53,6.42
Varsity Lakes,799000.0,2.6,6.67,14.63,800.0,5.2,6.66
Robina,825000.0,2.75,8.69,14.58,800.0,5.04,6.66
Ashmore,715000.0,-0.71,11.02,21.7,690.0,5.01,18.96
Molendinar,599000.0,9.0,,,605.0,5.25,4.31
Parkwood,,,,,,,
Southport,799000.0,5.13,10.2,25.03,720.0,4.68,6.66
Benowa,948000.0,15.36,23.27,26.48,760.0,4.16,8.57
Bundall,1425000.0,0.0,50.0,135.73,795.0,2.9,6.0
Main Beach,3300000.0,40.2,,,1390.0,2.19,
Surfers Paradise,1100000.0,-15.26,0.0,2.32,795.0,3.75,10.41
Darra,,,,,,,
Sumner,,,,,,,
Durack,499000.0,8.88,18.8,42.57,500.0,5.21,13.63
Inala,,,,,,,
Richlands,550000.0,10.0,26.72,41.02,585.0,5.53,6.36
Wacol,,,,,,,
Doolandella,555000.0,10.44,30.58,50.0,550.0,5.15,17.02
Forest Lake,,,,,,,
Ellen Grove,,,,,500.0,,6.38
Boonah,,,,,,,
Esk,,,,,,,
Lake Manchester,,,,,,,
England Creek,,,,,,,
Lowood,,,,,,,
Rosewood,,,,,400.0,,
Brassall,759000.0,4.61,20.66,116.85,400.0,2.74,14.28
Bundamba,504500.0,-14.52,36.72,54.28,410.0,4.22,7.89
Yamanto,,,,,,,
Ipswich,,,,,,,
Karalee,,,,,,,
Barellan Point,,,,,,,
Karana Downs,,,,,,,
One Mile,,,,,,,
North Ipswich,,,,,,,
Tivoli,,,,,,,
Raceview,490000.0,-3.36,-3.17,46.26,475.0,5.04,5.55
Ripley,549500.0,0.0,7.85,,500.0,4.73,6.38
Camira,,,,,,,
Gailes,,,,,,,
Carole Park,,,,,,,
Collingwood Park,,,,,435.0,,6.09
Redbank,,,,,450.0,,12.5
Goodna,399000.0,5.13,18.75,25.07,445.0,5.79,20.27
Redbank Plains,519000.0,3.28,30.07,46.19,480.0,4.8,14.28
Springfield Lakes,,,,,560.0,,12.0
Augustine Heights,,,,,430.0,,-4.45
Brookwater,,,,,800.0,,
Bellbird Park,,-1.45,,,420.0,,12.0
Beaudesert,550000.0,21.39,35.13,,450.0,4.25,15.38
Beenleigh,377000.0,2.73,13.38,42.26,400.0,5.51,0.0
Eagleby,470000.0,5.03,27.02,42.85,480.0,5.31,9.09
Edens Landing,,,,,,,
Holmview,,,,,460.0,,15.0
Mount Warren Park,,,,,,,
Wolffdene,,,,,,,
Bahrs Scrub,,,,,500.0,,11.11
Boronia Heights,,,,,410.0,,0.0
Park Ridge,830000.0,6.54,10.66,22.05,450.0,2.81,7.14
Browns Plains,549500.0,10.02,37.71,66.51,525.0,4.96,11.7
Chambers Flat,482500.0,0.84,17.39,78.7,,,
Logan Reserve,807500.0,0.93,2.47,17.28,470.0,3.02,4.44
Crestmead,,,,,430.0,,2.38
Hillcrest,510000.0,10.89,27.5,70.28,460.0,4.69,12.19
Marsden,505000.0,2.04,20.23,44.28,500.0,5.14,11.11
Munruben,,,,,,,
Park Ridge South,,,,,,,
Heritage Park,,,,,,,
Logan Village,614500.0,2.56,8.95,17.15,,,
New Beith,,,,,,,
Greenbank,,,,,,,
North Maclean,,,,,,,
Jimboomba,,,,,,,
Yarrabilba,,,,,500.0,,6.38
Bethania,500000.0,1.93,17.64,31.57,500.0,5.2,11.11
Waterford,482500.0,6.63,23.71,51.25,500.0,5.38,17.64
Cornubia,,,,,550.0,,5.76
Carbrook,,,,,,,
Loganholme,,,,,570.0,,22.58
Tanah Merah,,,,,450.0,,12.5
Loganlea,525000.0,22.94,43.83,2.53,450.0,4.45,12.5
Shailer Park,,,,,480.0,,14.28
Waterford West,425000.0,6.51,48.08,70.0,400.0,4.89,6.66
Daisy Hill,,,,,550.0,,
Logan Central,350000.0,3.7,40.0,,380.0,5.64,8.57
Rochedale South,400000.0,0.62,,19.76,510.0,6.63,13.33
Priestdale,,,,,,,
Slacks Creek,399500.0,6.48,33.16,53.65,420.0,5.46,10.52
Underwood,650000.0,27.35,33.33,62.5,600.0,4.8,10.09
Woodridge,399000.0,3.63,35.25,74.23,395.0,5.14,12.85
Bowen,507000.0,-3.64,10.69,9.03,440.0,4.51,1.14
Nebo,,,,,,,
Clermont,,,,,,,
Collinsville,,,,,,,
Moranbah,398000.0,2.05,9.64,14.36,750.0,9.79,17.18
Andergrove,489000.0,13.98,-2.01,1.87,530.0,5.63,13.97
East Mackay,,4.22,,,,,
Eimeo,,,,,,,
Rural View,,,,,,,
Mackay,,,,,,,
Mackay Harbour,,,,,,,
Mount Pleasant,,,,,650.0,,18.18
Glenella,,,,,,,
North Mackay,,0.0,,,,,
Ooralea,,,,,,,
Bakers Creek,,,,,,,
Sarina,,,,,,,
Calen,,,,,,,
Shoal Point,,,,,,,
Bucasia,,,,,,,
Slade Point,,,,,,,
South Mackay,,,,,,,
Walkerston,,,,,,,
Eton,,,,,,,
West Mackay,,,,,,,
Whitsundays,,,,,,,
Proserpine,,,,,,,
Beachmere,893500.0,,,,,,
Sandstone Point,550000.0,0.91,2.51,14.58,,,
Burpengary,510000.0,4.71,29.11,48.9,480.0,4.89,11.62
Caboolture,659000.0,2.31,46.77,35.87,450.0,3.55,15.38
Elimbah,,,,,,,
Morayfield,525000.0,2.2,14.13,24.26,470.0,4.65,14.63
Wamuran,,,,,,,
Kilcoy,,,,,,,
Woodford,,,,,,,
D'Aguilar,,,,,,,
Deception Bay,535000.0,1.11,36.3,44.59,445.0,4.32,-1.12
Narangba,690000.0,0.0,,39.39,505.0,3.8,1.0
Upper Caboolture,,,,,,,
Margate,,,,,,,
Woody Point,687500.0,,,,550.0,4.16,3.77
Redcliffe,649500.0,0.07,22.66,38.33,480.0,3.84,6.66
Rothwell,587000.0,10.38,18.1,23.57,470.0,4.16,4.44
Kippa-Ring,459500.0,5.27,18.12,25.89,480.0,5.43,6.66
Moreton Island,,,,,,,
Scarborough,799000.0,11.58,23.11,33.38,680.0,4.42,13.33
Albany Creek,700000.0,3.09,7.85,12.0,675.0,5.01,7.14
Cashmere,,,,,,,
Dayboro,,,,,,,
Eatons Hill,,,,,,,
Samford Valley,,,,,,,
Murrumba Downs,550000.0,9.9,30.95,49.05,530.0,5.01,6.0
Griffin,550000.0,6.0,22.49,28.2,550.0,5.2,10.0
Dakabin,569000.0,8.01,29.61,42.6,525.0,4.79,14.13
Kallangur,500000.0,4.17,22.24,36.23,500.0,5.2,11.11
Mango Hill,599000.0,4.86,25.57,36.13,560.0,4.86,12.0
North Lakes,599000.0,3.1,20.04,41.77,570.0,4.94,7.54
Bray Park,,,,,,,
Lawnton,500000.0,2.14,25.31,41.24,500.0,5.2,16.27
Petrie,,,,,510.0,,13.33
Strathpine,550000.0,16.37,29.41,52.77,540.0,5.1,6.93
Brendale,539000.0,9.6,28.63,43.73,545.0,5.25,9.0
Aurukun,,,,,,,
Kowanyama,,,,,,,
Pormpuraaw,,,,,,,
Tablelands,,,,,,,
Mount Isa,,,,,390.0,,-14.29
Barcaldine,,,,,,,
Blackall,,,,,,,
Charleville,,,,,,,
Longreach,,,,,,,
Buderim,700000.0,4.32,16.76,16.86,650.0,4.82,8.33
Mountain Creek,667500.0,3.1,-1.7,-4.51,635.0,4.94,8.54
Sippy Downs,,,,,,,
Aroona,,,,,,,
Currimundi,659500.0,1.61,,-3.87,590.0,4.65,
Buddina,1750000.0,,,,650.0,1.93,18.18
Minyama,,,,,,,
Caloundra,739000.0,1.37,12.13,-4.03,660.0,4.64,13.79
Kings Beach,,,,,,,
Golden Beach,764500.0,-0.14,,,560.0,3.8,1.81
Pelican Waters,,,,,,,
Moffat Beach,,,,,,,
Battery Hill,,,,,,,
Parrearra,,,,,,,
Warana,1647500.0,6.66,18.1,,750.0,2.36,37.61
Wurtulla,,,,,,,
Birtinya,,,,,690.0,,4.54
Caloundra West,,,,,580.0,,-1.7
Meridan Plains,,,,,580.0,,0.0
Coolum Beach,,,,,,,
Marcoola,,,,,545.0,,
Mudjimba,,,,,740.0,,8.02
Maroochydore,725000.0,-1.73,7.09,11.62,630.0,4.51,6.77
Kuluin,,,,,,,
Mooloolaba,,,,,710.0,,18.33
Alexandra Headland,,,,,,,
Noosa Heads,2547500.0,8.12,10.76,,,,
Noosaville,950000.0,4.57,9.19,11.76,745.0,4.07,6.42
Sunshine Beach,,,,,,,
Tewantin,,,,,,,
Peregian Beach,,,,,750.0,,15.38
Marcus Beach,,,,,,,
Peregian Springs,860000.0,1.17,1.53,8.17,710.0,4.29,-2.74
Beerwah,699000.0,0.0,12.92,23.82,525.0,3.9,-6.25
Glass House Mountains,,,,,,,
Landsborough,,,,,,,
Palmwoods,867500.0,,,,595.0,3.56,-0.84
Bli Bli,,,,,645.0,,
Diddillibah,,,,,,,
Rosemount,,,,,,,
Eumundi,,,,,,,
Yandina,650000.0,,,,,,
Nambour,580000.0,2.29,6.42,16.23,575.0,5.15,9.52
Cambooya,,,,,,,
Wyreema,,,,,,,
Darling Heights,,,,,,,
Drayton,,,,,,,
Harristown,,,,,,,
Gatton,,,,,450.0,,
Highfields,647000.0,-1.08,,,,,
Middle Ridge,,,,,,,
North Toowoomba,,,,,,,
Harlaxton,,,,,,,
Rangeville,,,,,,,
Toowoomba,728000.0,0.0,,,,,
Wilsonton,,,,,,,
Ayr,,,,,,,
Charters Towers,,,,,,,
Ingham,,,,,,,
Palm Island,,,,,,,
Aitkenvale,,,,,,,
Belgian Gardens,,,,,,,
Pallarenda,,,,,,,
Bohle Plains,,,,,,,
Condon,,,,,,,
Rasmussen,,,,,370.0,,
Cranbrook,,,,,,,
Douglas,,,,,,,
Garbutt,,,,,,,
Gulliver,,,,,,,
Currajong,,,,,,,
Vincent,,,,,,,
Heatley,,,,,,,
Hermit Park,,,,,,,
Rosslea,,,,,380.0,,8.57
Hyde Park,,,,,,,
Pimlico,,,,,350.0,,-2.78
Kelso,,,,,,,
Kirwan,475000.0,0.0,19.04,20.25,400.0,4.37,14.28
Mount Louisa,,,,,,,
Mundingburra,,,,,380.0,,0.0
Oonoonba,,,,,470.0,,
South Townsville,,,,,,,
Railway Estate,,,,,400.0,,9.58
Townsville,,,,,,,
Townsville City,,,,,,,
North Ward,410000.0,8.45,26.15,46.95,405.0,5.13,6.57
Wulguru,,,,,,,
Roseneath,,,,,,,
Burdell,,,,,,,
Mount Low,,,,,,,
Deeragun,,,,,,,
Jensen,,,,,,,
Kepnock,,,,,,,
Bargara,,,,,,,
Burnett Heads,,,,,,,
Branyan,,,,,,,
Kensington,,,,,1150.0,,-1.71
Bundaberg,,,,,,,
Bundaberg East,,,,,,,
Kalkie,,,,,,,
Bundaberg North,,,,,,,
Gooburrum,,,,,,,
Millbank,,,,,,,
Svensson Heights,,,,,,,
Norville,,,,,,,
Walkervale,,,,,,,
Avenell Heights,,,,,,,
Gayndah,,,,,,,
Mundubbera,,,,,,,
Gin Gin,,,,,,,
Kingaroy,,,,,,,
Monto,,,,,,,
Eidsvold,,,,,,,
Nanango,,,,,,,
Cooloola,,,,,,,
Gympie,489500.0,4.39,8.89,22.37,470.0,4.99,14.63
Kilkivan,,,,,,,
Booral,,,,,,,
River Heads,,,,,,,
Craignish,,,,,,,
Dundowran Beach,,,,,,,
Pialba,512000.0,0.0,20.47,32.98,470.0,4.77,9.3
Eli Waters,,,,,,,
Point Vernon,,,,,,,
Scarness,495000.0,2.06,4.21,1.64,,,
Kawungan,,,,,430.0,,
Urangan,595000.0,5.72,20.2,30.76,500.0,4.36,11.11
Wondunna,,,,,,,
Fraser,,,,,,,
Tinana,,,,,,,
Adelaide,835000.0,5.12,15.97,21.01,650.0,4.04,10.16
North Adelaide,1100000.0,25.06,37.5,,600.0,2.83,3.44
Aldgate,,,,,,,
Stirling,,,,,680.0,,13.33
Hahndorf,,,,,,,
Echunga,,,,,,,
Lobethal,,,,,,,
Woodside,,,,,,,
Mount Barker,,,,,515.0,,13.18
Nairne,,,,,,,
Uraidla,,,,,,,
Summertown,,,,,,,
Wattle Park,,,,,,,
Beaumont,,,,,,,
Glen Osmond,,,,,,,
Toorak Gardens,,,,,,,
Athelstone,,,,,,,
Paradise,,,,,630.0,,
Newton,,,,,650.0,,4.83
Rostrevor,,,,,660.0,,46.66
Magill,,,,,650.0,,18.18
Payneham,,,,,,,
Felixstow,,,,,,,
Marden,,,,,,,
Nailsworth,,,,,,,
Broadview,,,,,570.0,,
Walkerville,,,,,,,
Goodwood,,,,,,,
Millswood,,,,,,,
Unley,,,,,600.0,,3.44
Parkside,,,,,510.0,,2.0
Gawler,,,,,,,
Lewiston,,,,,,,
Two Wells,,,,,,,
Craigmore,,,,,,,
Blakeview,457000.0,4.41,14.53,38.48,450.0,5.12,12.5
Davoren Park,,,,,,,
Elizabeth,,,,,,,
Elizabeth East,,,,,,,
Munno Para West,,,,,,,
Angle Vale,,,,,,,
One Tree Hill,,,,,,,
Elizabeth North,,,,,,,
Waterloo Corner,,,,,,,
Blair Athol,,,,,,,
Windsor Gardens,,,,,,,
Northfield,,,,,,,
Valley View,,,,,,,
Gilles Plains,,,,,,,
Dry Creek,,,,,,,
Ingle Farm,,,,,,,
Para Hills,,,,,,,
Parafield Gardens,,,,,,,
Paralowie,,,,,,,
Salisbury East,,,,,,,
Salisbury North,,,,,485.0,,
Mawson Lakes,579000.0,5.95,16.03,34.96,580.0,5.2,16.0
Globe Derby Park,,,,,,,
Pooraka,,,,,,,
Cavan,,,,,,,
Golden Grove,,,,,,,
Greenwith,,,,,,,
Highbury,,,,,,,
Dernancourt,,,,,,,
Hope Valley,,,,,,,
Modbury,,,,,630.0,,16.66
Modbury Heights,,,,,,,
Redwood Park,,,,,,,
St Agnes,,,,,,,
Ridgehaven,,,,,,,
Edwardstown,,,,,,,
Hallett Cove,,,,,,,
Marino,,,,,,,
Seaview Downs,,,,,,,
Mitchell Park,,,,,600.0,,33.33
Morphettville,,,,,,,
Sheidow Park,,,,,,,
Trott Park,,,,,,,
Warradale,,,,,,,
Belair,,,,,,,
Bellevue Heights,,,,,,,
Blackwood,,,,,,,
Colonel Light Gardens,,,,,,,
Panorama,,,,,,,
Aberfoyle Park,,,,,,,
Aldinga,,,,,,,
Christie Downs,,,,,,,
Christies Beach,,,,,540.0,,12.5
Coromandel Valley,,,,,,,
Flagstaff Hill,,,,,,,
Hackham,,,,,,,
Onkaparinga Hills,,,,,,,
Hackham West,,,,,,,
Huntfield Heights,,,,,,,
Happy Valley,,,,,,,
McLaren Vale,,,,,,,
Morphett Vale,,,,,,,
Reynella,,,,,,,
Willunga,,,,,,,
Seaford,807500.0,4.76,8.38,7.66,660.0,4.25,14.78
Seaford Meadows,,,,,,,
Seaford Rise,,,,,,,
Moana,,,,,,,
Beverley,,,,,,,
Flinders Park,,,,,,,
Henley Beach,,,,,,,
Hindmarsh,,,,,,,
Brompton,700000.0,4.54,15.22,27.5,600.0,4.45,7.14
Royal Park,,,,,,,
Hendon,,,,,,,
Seaton,,,,,535.0,,0.94
West Lakes,,,,,625.0,,19.04
Largs Bay,,,,,,,
Semaphore,,,,,,,
North Haven,,,,,670.0,,
Port Adelaide,,,,,585.0,,-2.5
Fulham,,,,,,,
Lockleys,,,,,,,
Plympton,,,,,670.0,,9.83
West Beach,,,,,,,
Angaston,,,,,,,
Lyndoch,,,,,,,
Mallala,,,,,,,
Nuriootpa,,,,,,,
Tanunda,,,,,,,
Clare,,,,,,,
Goyder,,,,,,,
Wakefield,,,,,,,
Jamestown,,,,,,,
Peterborough,,,,,,,
Port Pirie,,,,,300.0,,
Kadina,,,,,,,
Moonta,,,,,,,
Wallaroo,,,,,,,
Ceduna,,,,,,,
Kimba,,,,,,,
Cleve,,,,,,,
Elliston,,,,,,,
Port Lincoln,,,,,395.0,,19.69
Whyalla,,,,,,,
Coober Pedy,,,,,,,
Quorn,,,,,,,
Port Augusta,,,,,250.0,,11.11
Roxby Downs,,,,,,,
Goolwa,,,,,,,
Port Elliot,,,,,,,
Strathalbyn,,,,,,,
Victor Harbor,,,,,,,
Yankalilla,,,,,,,
Kingston,472500.0,9.3,35.0,57.5,490.0,5.39,8.88
Robe,,,,,,,
Millicent,,,,,,,
Naracoorte,,,,,,,
Penola,,,,,,,
Wattle Range,,,,,,,
Mount Gambier,342000.0,-3.73,3.63,24.36,380.0,5.77,22.58
Barmera,,,,,,,
Berri,,,,,,,
Karoonda,,,,,,,
Lameroo,,,,,,,
Loxton,,,,,,,
Mannum,,,,,,,
Murray Bridge,,,,,,,
Renmark,,,,,,,
Waikerie,,,,,,,
Augusta,,,,,,,
Margaret River,,,,,,,
Busselton,,,,,,,
Australind,,,,,600.0,,
Leschenault,,,,,,,
Capel,,,,,,,
College Grove,,,,,,,
Carey Park,,,,,,,
Collie,,,,,,,
Dardanup,,,,,,,
Davenport,,,,,,,
Eaton,,,,,,,
Pelican Point,,,,,,,
Harvey,,,,,,,
East Bunbury,,,,,,,
Waroona,,,,,,,
Dalyellup,,,,,,,
Gelorup,,,,,,,
Stratham,,,,,,,
South Bunbury,612000.0,,,63.2,520.0,4.41,
Bunbury,517000.0,5.21,3.6,7.82,650.0,6.53,-5.8
Withers,,,,,,,
Usher,,,,,,,
Bridgetown,,,,,,,
Boyup Brook,,,,,,,
Donnybrook,,,,,,,
Balingup,,,,,,,
Manjimup,,,,,,,
Pemberton,,,,,,,
Dawesville,,,,,,,
Bouvard,,,,,,,
Falcon,,,,,,,
Wannanup,857500.0,3.97,15.25,14.48,,,
Greenfields,459500.0,15.16,58.17,55.76,,,
Halls Head,519500.0,-7.9,15.7,38.53,480.0,4.8,
Erskine,,,,,,,
Mandurah,490000.0,4.45,32.79,44.54,490.0,5.2,13.95
Pinjarra,,,,,,,
City Beach,429000.0,-3.97,0.0,-23.94,,,
Cottesloe,,,,,925.0,,23.33
Floreat,,,,,,,
Mosman Park,,,,,700.0,,7.69
Peppermint Grove,,,,,,,
Nedlands,1125000.0,,-8.17,-10.0,775.0,3.58,19.23
Dalkeith,,,,,,,
Crawley,,,,,750.0,,15.38
Swanbourne,,,,,,,
Mount Claremont,,,,,,,
Mount Hawthorn,,,,,695.0,,6.92
Leederville,712500.0,0.35,5.55,21.27,720.0,5.25,10.76
Mount Lawley,675000.0,3.33,20.0,43.0,660.0,5.08,14.78
North Perth,750000.0,0.06,25.0,15.38,750.0,5.2,11.11
Subiaco,862500.0,9.67,14.31,31.77,725.0,4.37,11.53
Shenton Park,,,,,,,
Wembley,795000.0,4.0,33.61,20.0,650.0,4.25,13.04
West Leederville,,,,,850.0,,27.81
Glendalough,500000.0,11.11,20.62,-23.61,590.0,6.13,5.35
East Perth,,,,,790.0,,5.33
Highgate,,,,,650.0,,-1.52
Bassendean,530000.0,,32.5,27.86,600.0,5.88,20.0
Eden Hill,,,,,,,
Embleton,,,,,,,
Bedford,,,,,,,
Maylands,575000.0,1.91,21.05,34.03,630.0,5.69,21.15
Morley,650000.0,12.95,52.22,71.5,610.0,4.88,10.9
Noranda,479000.0,7.52,27.73,37.24,,,
Chidlow,,,,,,,
Glen Forrest,,,,,,,
Helena Valley,,,,,,,
Koongamia,,,,,,,
Mundaring,,,,,,,
Swan View,,,,,,,
Midvale,,,,,,,
Ballajura,,,,,,,
Beechboro,,,,,,,
Bullsbrook,,,,,,,
Gidgegannup,,,,,,,
Hazelmere,,,,,,,
Lockridge,,,,,,,
Kiara,,,,,,,
Lexia,,,,,,,
Middle Swan,,,,,,,
Herne Hill,,,,,,,
Midland,442500.0,4.77,23.25,39.58,550.0,6.46,19.56
Stratton,,,,,,,
Jane Brook,,,,,,,
The Vines,,,,,,,
Aveley,,,,,,,
Brabham,576000.0,,,,,,
Henley Brook,,,,,,,
Ellenbrook,,,,,,,
Craigie,,,,,,,
Beldon,,,,,,,
Currambine,,,,,,,
Kinross,,,,,,,
Duncraig,,,,,750.0,,16.27
Greenwood,,,,,,,
Heathridge,,,,,,,
Connolly,,,,,,,
Hillarys,,,,,725.0,,
Burns Beach,,,,,,,
Joondalup,725000.0,16.93,26.08,42.43,600.0,4.3,9.09
Edgewater,,,,,,,
Kingsley,,,,,,,
Mullaloo,,,,,,,
Kallaroo,,,,,,,
Ocean Reef,,,,,,,
Padbury,699000.0,2.22,0.0,37.19,,,
Sorrento,,,,,,,
Marmion,,,,,,,
Woodvale,,,,,,,
Balcatta,595000.0,11.69,25.26,35.53,630.0,5.5,26.0
Hamersley,,,,,,,
Balga,550000.0,10.0,39.59,57.14,600.0,5.67,21.21
Mirrabooka,,,,,,,
Innaloo,719000.0,0.0,15.04,20.03,700.0,5.06,12.0
Doubleview,750000.0,2.88,15.38,25.2,700.0,4.85,4.47
Karrinyup,,,,,,,
Gwelup,,,,,,,
Carine,1025000.0,,,32.25,,,
Nollamara,580000.0,7.05,29.17,45.0,625.0,5.6,19.04
Westminster,599000.0,11.65,36.44,55.58,600.0,5.2,17.64
Osborne Park,450000.0,2.27,21.95,24.3,550.0,6.35,20.87
Trigg,,,,,,,
North Beach,,,,,,,
Watermans Bay,,,,,,,
Tuart Hill,536000.0,5.21,26.11,26.11,600.0,5.82,26.31
Joondanna,629000.0,16.21,26.05,25.8,600.0,4.96,20.0
Wembley Downs,,,,,,,
Churchlands,,,,,620.0,,25.25
Woodlands,,,,,700.0,,
Yokine,599000.0,7.46,27.44,39.3,590.0,5.12,18.0
Coolbinia,,,,,,,
Menora,,,,,,,
Dianella,550000.0,6.38,22.22,37.5,550.0,5.2,14.58
Alexander Heights,,,,,,,
Koondoola,,,,,,,
Butler,,,,,,,
Merriwa,,,,,,,
Ridgewood,,,,,,,
Carramar,,,,,,,
Clarkson,,,,,600.0,,20.0
Girrawheen,450000.0,2.27,37.61,52.54,550.0,6.35,19.56
Marangaroo,,,,,,,
Mindarie,,,,,,,
Quinns Rocks,,,,,,,
Tapping,,,,,,,
Ashby,,,,,,,
Sinagra,,,,,,,
Alkimos,,,,,,,
Eglinton,,,,,,,
Carabooda,,,,,,,
Pinjar,,,,,,,
Two Rocks,,,,,,,
Yanchep,,,,,,,
Hocking,,,,,,,
Pearsall,,,,,,,
Landsdale,,,,,,,
Madeley,560000.0,1.85,12.0,,,,
Darch,,,,,,,
Wanneroo,,,,,,,
Wungong,,,,,,,
Brookdale,,,,,,,
Ashendon,,,,,,,
Camillo,,,,,,,
Champion Lakes,,,,,,,
Kelmscott,452500.0,9.75,41.4,62.18,550.0,6.32,22.22
Mount Nasura,,,,,,,
Mount Richon,,,,,,,
Bedfordale,,,,,,,
Roleystone,,,,,,,
Seville Grove,,,,,,,
Harrisdale,,,,,,,
Piara Waters,,,,,,,
Forrestdale,,,,,,,
East Victoria Park,600000.0,0.08,14.28,14.28,650.0,5.63,18.18
Carlisle,600000.0,8.9,15.6,20.0,590.0,5.11,18.0
Victoria Park,649500.0,1.64,12.56,9.15,650.0,5.2,8.33
Lathlain,,,,,,,
Burswood,,,,,740.0,,13.84
Cloverdale,662000.0,20.47,33.73,59.51,675.0,5.3,39.17
Kewdale,499000.0,-6.29,13.66,20.38,590.0,6.14,22.91
Rivervale,624500.0,0.75,18.95,25.15,600.0,4.99,0.0
Bentley,550000.0,7.64,22.22,37.84,590.0,5.57,24.21
Wilson,500000.0,2.9,30.03,36.98,510.0,5.3,21.42
St James,504500.0,0.8,1.91,22.45,650.0,6.69,18.18
Canning Vale,,,,,,,
Cannington,525000.0,4.38,34.96,45.83,600.0,5.94,22.44
Queens Park,479000.0,2.94,11.65,26.05,600.0,6.51,15.38
Ferndale,,,,,,,
Lynwood,,,,,,,
Riverton,,,,,,,
Shelley,899000.0,,204.74,136.57,610.0,3.52,10.9
Rossmoyne,,,,,,,
Welshpool,,,,,,,
Willetton,799000.0,,,48.65,650.0,4.23,16.07
Beckenham,,,,,550.0,,12.24
Kenwick,,,,,,,
Langford,,,,,,,
Gosnells,465000.0,13.62,40.9,65.18,540.0,6.03,38.46
Southern River,,,,,,,
Maddington,450000.0,12.39,28.75,41.73,560.0,6.47,
Orange Grove,,,,,,,
Martin,,,,,,,
Thornlie,482000.0,7.14,26.84,44.74,,,
Forrestfield,415000.0,-1.2,12.16,25.75,,,
High Wycombe,499000.0,0.0,12.13,17.41,,,
Kalamunda,,,,,,,
Maida Vale,,,,,,,
Gooseberry Hill,,,,,,,
Lesmurdie,,,,,,,
Bickley,,,,,,,
Carmel,,,,,,,
Byford,,,,,,,
Mundijong,,,,,,,
Serpentine,,,,,,,
Jarrahdale,,,,,,,
Manning,,,,,,,
South Perth,812000.0,1.88,16.16,23.96,675.0,4.32,12.5
Banjup,,,,,,,
Bibra Lake,,,,,,,
Coolbellup,,,,,,,
Hamilton Hill,589000.0,10.78,26.12,36.97,610.0,5.38,10.9
North Coogee,,,,,,,
South Lake,,,,,,,
Cockburn Central,,,,,,,
Spearwood,547000.0,12.2,30.23,39.36,595.0,5.65,23.95
Success,,,,,,,
Hammond Park,,,,,,,
Yangebup,,,,,,,
Beeliar,,,,,,,
Wattleup,,,,,,,
Jandakot,,,,,,,
East Fremantle,,,,,770.0,,18.46
Fremantle,799000.0,21.42,33.38,20.6,700.0,4.55,7.69
Bertram,,,,,,,
Calista,,,,,,,
Parmelia,,,,,,,
Orelia,,,,,,,
Casuarina,1162500.0,,,,800.0,3.57,10.34
Wandi,,,,,,,
Applecross,887000.0,10.82,11.01,9.16,730.0,4.27,12.3
Ardross,,,,,,,
Bateman,,,,,,,
Bicton,667500.0,19.17,28.36,32.83,640.0,4.98,28.0
Palmyra,580000.0,2.81,11.53,32.11,650.0,5.82,18.18
Booragoon,,,,,645.0,,15.17
Bull Creek,,,,,,,
Leeming,,,,,,,
Melville,,,,,630.0,,16.66
Murdoch,,,,,,,
Kardinya,,,,,550.0,,13.4
Willagee,,,,,,,
Winthrop,,,,,,,
Cooloongup,,,,,,,
Port Kennedy,,,,,,,
Rockingham,550000.0,7.74,28.2,46.66,550.0,5.2,18.27
Safety Bay,,,,,,,
Shoalwater,,,,,,,
Golden Bay,,,,,,,
Secret Harbour,,,,,,,
Waikiki,489000.0,2.3,29.02,70.38,,,
Warnbro,,,,,,,
Baldivis,,,,,500.0,,4.16
Karnup,,,,,,,
Albany,,,,,,,
Bayonet Head,,,,,,,
Lower King,,,,,,,
Denmark,,,,,,,
Gnowangerup,,,,,,,
Katanning,,,,,,,
Kojonup,,,,,,,
Little Grove,,,,,,,
Elleker,,,,,,,
McKail,,,,,,,
Willyung,,,,,,,
Chittering,,,,,,,
Cunderdin,,,,,,,
Dowerin,,,,,,,
Gingin,,,,,,,
Dandaragan,,,,,,,
Merredin,,,,,,,
Moora,,,,,,,
Mukinbudin,,,,,,,
Northam,,,,,,,
Toodyay,,,,,,,
York,,,,,,,
Brookton,,,,,,,
Kulin,,,,,,,
Narrogin,,,,,,,
Wagin,,,,,,,
Broome,,,,,,,
Derby,,,,,,,
Halls Creek,,,,,,,
Kununurra,,,,,,,
Roebuck,,,,,,,
Newman,,,,,530.0,,-2.76
Port Hedland,,,,,900.0,,-7.7
South Hedland,342500.0,-0.73,,13.78,700.0,10.62,0.0
Karratha,,,,,,,
Roebourne,,,,,,,
Esperance,,,,,,,
Carnarvon,,,,,,,
Exmouth,,,,,,,
Boulder,,,,,,,
Kalgoorlie,,,,,550.0,,10.0
Coolgardie,,,,,,,
Norseman,,,,,,,
Leinster,,,,,,,
Leonora,,,,,,,
Geraldton,,,,,,,
Irwin,,,,,,,
Meekatharra,,,,,,,
Morawa,,,,,,,
Northampton,,,,,,,
Mullewa,,,,,,,
Greenough,,,,,,,
Bridgewater,,,,,,,
Gagebrook,,,,,,,
Brighton,1850000.0,3.09,2.77,-6.07,1100.0,3.09,22.9
Pontville,,,,,,,
Old Beach,,,,,,,
Otago,,,,,,,
Bellerive,,,,,460.0,,-3.16
Rosny,,,,,,,
Cambridge,,,,,,,
Geilston Bay,,,,,,,
Risdon,,,,,,,
Howrah,817000.0,13.47,23.78,,500.0,3.18,-1.97
Tranmere,,,,,700.0,,
Lindisfarne,835000.0,9.64,,,515.0,3.2,-6.37
Warrane,,,,,,,
Risdon Vale,,,,,,,
Rokeby,635000.0,1.19,6.72,,530.0,4.34,0.0
South Arm,,,,,,,
Austins Ferry,,,,,,,
Granton,,,,,,,
Berriedale,,,,,,,
Chigwell,,,,,,,
Derwent Park,,,,,,,
Lutana,,,,,,,
Glenorchy,460000.0,0.0,-7.08,-5.16,455.0,5.14,-5.21
Rosetta,,,,,,,
Moonah,,,,,,,
New Norfolk,460000.0,0.1,-5.16,5.74,,,
West Moonah,,,,,,,
Huntingfield,,,,,,,
Kingston Beach,,,,,,,
Blackmans Bay,675000.0,0.0,-2.04,-5.6,675.0,5.2,18.42
Snug,,,,,,,
Taroona,,,,,,,
Bonnet Hill,,,,,,,
Hobart,,,,,640.0,,2.4
Lenah Valley,,,,,,,
Mount Stuart,,,,,,,
Mount Nelson,,,,,,,
Dynnyrne,,,,,,,
New Town,,,,,,,
Sandy Bay,850000.0,1.49,-1.45,-13.27,590.0,3.6,3.5
South Hobart,,,,,545.0,,0.0
Fern Tree,,,,,,,
West Hobart,,,,,520.0,,-2.81
Dodges Ferry,,,,,,,
Sorell,,,,,,,
Kings Meadows,,,,,,,
Launceston,680000.0,,,4.77,460.0,3.51,-1.08
Legana,,,,,,,
Mowbray,,,,,,,
Newnham,,,,,,,
Prospect Vale,,,,,,,
Blackstone,,,,,,,
Ravenswood,,,,,,,
Riverside,,,,,,,
South Launceston,,,,,520.0,,-11.87
Summerhill,,,,,,,
Trevallyn,,,,,,,
Waverley,,,,,1200.0,,
West Launceston,,,,,,,
Youngtown,,,,,,,
Relbia,,,,,,,
Beauty Point,,,,,,,
Deloraine,,,,,,,
Grindelwald,,,,,,,
Lanena,,,,,,,
Hadspen,,,,,,,
Carrick,,,,,,,
Westbury,,,,,,,
Dilston,,,,,,,
George Town,,,,,,,
Perth,699500.0,,11.92,10.59,740.0,5.5,8.02
Evandale,,,,,,,
St Helens,,,,,,,
Scamander,,,,,,,
Scottsdale,,,,,,,
Bridport,,,,,,,
Kettering,,,,,,,
Cygnet,,,,,,,
Geeveston,,,,,,,
Dover,,,,,,,
Huonville,,,,,,,
Franklin,699000.0,0.0,2.41,0.64,650.0,4.83,4.0
Triabunna,,,,,,,
Bicheno,,,,,,,
Acton,,,,,,,
Upper Burnie,,,,,,,
Burnie,,,,,,,
Wivenhoe,,,,,,,
Parklands,,,,,,,
Camdale,,,,,,,
Penguin,,,,,,,
Sulphur Creek,,,,,,,
Romaine,,,,,,,
Havenview,,,,,,,
Somerset,,,,,,,
Ulverstone,,,,,,,
West Ulverstone,,,,,,,
Wynyard,,,,,,,
Devonport,,,,,,,
East Devonport,,,,,,,
Latrobe,,,,,,,
Miandetta,,,,,,,
Don,,,,,,,
Port Sorell,,,,,,,
Quoiba,,,,,,,
Spreyton,,,,,,,
Sheffield,,,,,,,
Railton,,,,,,,
Turners Beach,,,,,,,
Forth,,,,,,,
Smithton,,,,,,,
Darwin City,,,,,,,
Fannie Bay,600000.0,-4.92,-6.62,9.19,655.0,5.67,12.93
The Gardens,,,,,650.0,,3.17
Larrakeyah,,,,,680.0,,
Ludmilla,,,,,,,
The Narrows,,,,,,,
Parap,,,,,,,
Stuart Park,582500.0,-5.29,-4.83,15.92,650.0,5.8,0.0
Woolner,,,,,,,
Winnellie,,,,,,,
Alawa,,,,,,,
Anula,,,,,,,
Berrimah,,,,,,,
Brinkin,,,,,,,
Nakara,,,,,,,
Coconut Grove,,,,,,,
Jingili,,,,,,,
Karama,,,,,,,
Leanyer,,,,,,,
Malak,,,,,,,
Marrara,,,,,,,
Millner,,,,,,,
Moil,,,,,,,
Nightcliff,,,,,565.0,,8.65
Rapid Creek,,,,,,,
Tiwi,,,,,,,
Wagaman,,,,,,,
Wanguri,,,,,,,
Wulagi,,,,,,,
Howard Springs,,,,,,,
Humpty Doo,,,,,,,
Weddell,,,,,,,
Bakewell,,,,,,,
Driver,,,,,,,
Marlow Lagoon,,,,,,,
Gray,,,,,,,
Moulden,,,,,,,
Palmerston,645000.0,-4.7,2.38,,570.0,4.59,3.63
Bellamack,,,,,,,
Woodroffe,,,,,,,
East Side,,,,,,,
Larapinta,,,,,,,
Mount Johns,,,,,,,
Petermann,,,,,,,
Simpson,,,,,,,
Ross,,,,,,,
Sandover,,,,,,,
Tanami,,,,,,,
Yuendumu,,,,,,,
Anmatjere,,,,,,,
Barkly,,,,,,,
Tennant Creek,,,,,,,
Thamarrurr,,,,,,,
Tiwi Islands,,,,,,,
West Arnhem,,,,,,,
Anindilyakwa,,,,,,,
East Arnhem,,,,,,,
Nhulunbuy,,,,,,,
Elsey,,,,,,,
Katherine,340000.0,,-20.94,,,,
Victoria River,,,,,,,
Aranda,,,,,,,
Belconnen,659500.0,1.53,,,580.0,4.57,5.45
Bruce,780000.0,-7.03,-8.67,-7.04,690.0,4.6,1.47
Charnwood,,,,,,,
Cook,,,,,,,
Dunlop,,,,,,,
Evatt,,,,,,,
Florey,,,,,575.0,,4.54
Giralang,,,,,,,
Hawker,,,,,,,
Higgins,,,,,,,
Holt,697000.0,0.0,-0.29,,600.0,4.47,5.26
Kaleen,,,,,635.0,,
Latham,,,,,,,
Macquarie,,,,,695.0,,0.0
McKellar,,,,,,,
Melba,,,,,,,
Page,,,,,590.0,,4.42
Scullin,,,,,,,
Spence,,,,,,,
Weetangera,,,,,,,
Canberra Airport,,,,,,,
Amaroo,729000.0,8.18,14.89,-7.14,590.0,4.2,0.0
Bonner,,,,,600.0,,3.44
Casey,684000.0,4.15,5.63,7.04,590.0,4.48,1.72
Crace,,,,,560.0,,-2.61
Forde,,,,,670.0,,6.34
Gungahlin,799000.0,-1.36,-0.13,-3.1,655.0,4.26,3.96
Hall,,,,,,,
Harrison,679000.0,-1.17,-0.15,-1.24,640.0,4.9,0.78
Mitchell,,,,,,,
Ngunnawal,610000.0,-1.98,-1.62,-1.46,550.0,4.68,-0.91
Nicholls,775000.0,-0.32,-9.63,,650.0,4.36,3.17
Jacka,599500.0,-0.17,,,,,
Moncrieff,677000.0,-1.46,0.29,-0.45,620.0,4.76,0.0
Throsby,799000.0,0.0,5.13,6.53,690.0,4.49,6.15
Ainslie,,,,,790.0,,8.21
Braddon,1049500.0,0.04,-15.98,-24.45,810.0,4.01,5.19
Dickson,949000.0,-0.11,,,730.0,4.0,-2.02
Downer,,,,,645.0,,4.87
Hackett,,,,,,,
Lyneham,925000.0,4.32,2.89,,645.0,3.62,-0.77
Turner,,,,,845.0,,-1.17
Watson,749000.0,-1.55,-8.61,-9.16,715.0,4.96,10.0
Black Mountain,,,,,,,
Campbell,,,,,820.0,,13.1
Reid,,,,,,,
Deakin,,,,,,,
Forrest,,,,,,,
Narrabundah,815000.0,-1.57,-18.3,,715.0,4.56,3.62
Yarralumla,,,,,880.0,,9.31
Barton,,,,,,,
Fyshwick,,,,,,,
Banks,,,,,,,
Bonython,699000.0,-1.55,-2.92,-10.27,620.0,4.61,-1.59
Calwell,,,,,,,
Chisholm,,,,,,,
Conder,,,,,,,
Fadden,,,,,,,
Gilmore,,,,,,,
Greenway,687500.0,-0.08,-4.52,-8.34,650.0,4.91,1.56
Isabella Plains,,,,,560.0,,1.81
Kambah,649000.0,4.16,12.08,-0.16,585.0,4.68,10.37
Macarthur,,,,,,,
Monash,710000.0,-0.35,-2.74,,585.0,4.28,2.63
Mount Taylor,,,,,,,
Richardson,,,,,,,
Theodore,,,,,,,
Wanniassa,,,,,,,
Chapman,,,,,,,
Duffy,,,,,,,
Fisher,,,,,,,
Holder,,,,,600.0,,9.09
Rivett,,,,,,,
Waramanga,,,,,,,
Weston,,,,,,,
Curtin,,,,,,,
Farrer,,,,,580.0,,11.53
Garran,,,,,725.0,,-0.69
Hughes,,,,,,,
Isaacs,,,,,,,
Mawson,1150000.0,12.85,5.07,24.39,710.0,3.21,1.42
O'Malley,,,,,,,
Pearce,,,,,630.0,,5.0
Phillip,729500.0,4.83,17.66,1.31,650.0,4.63,3.17
Torrens,,,,,,,
Coombs,715000.0,-0.42,-0.7,-4.67,660.0,4.8,1.53
Denman Prospect,845000.0,3.08,7.71,-4.47,680.0,4.18,0.0
Wright,780000.0,0.0,4.06,-2.5,660.0,4.4,0.0
Christmas Island,,,,,,,
Jervis Bay,,,,,,,
Norfolk Island,,,,,,,
East Jindabyne,,,,,,,
North Batemans Bay,,,,,,,
North Narooma,,,,,,,
North Gosford,640000.0,0.0,3.22,6.66,570.0,4.63,7.54
East Gosford,767000.0,-1.0,9.57,1.58,600.0,4.06,9.09
West Gosford,,,,,550.0,,5.76
South Springfield,,,,,,,
South Bathurst,,,,,,,
West Bathurst,,,,,,,
South Grafton,,,,,,,
South Maclean,,,,,,,
North Dorrigo,,,,,,,
North Bourke,,,,,,,
East Branxton,,,,,490.0,,8.88
South Maitland,,,,,,,
East Seaham,,,,,,,
East Corrimal,900000.0,0.53,16.88,19.2,650.0,3.75,10.16
North Wollongong,,,,,,,
West Wollongong,790000.0,-2.17,,14.49,655.0,4.31,0.76
East Kempsey,,,,,,,
South Kempsey,,,,,,,
West Kempsey,,,,,,,
North Macksville,,,,,,,
North Albury,,,,,400.0,,5.26
East Albury,,,,,450.0,,2.27
South Albury,,,,,,,
West Albury,,,,,450.0,,9.75
North Tamworth,,,,,,,
East Tamworth,,,,,,,
South Tamworth,,,,,,,
West Tamworth,,,,,,,
South Dudley,,,,,,,
East Ballina,720000.0,3.59,-6.5,-15.3,650.0,4.69,9.24
South Ballina,,,,,,,
West Ballina,585000.0,-0.43,-7.15,,600.0,5.33,-1.64
North Casino,,,,,,,
North Lismore,,,,,,,
East Lismore,,,,,,,
South Lismore,,,,,,,
South Murwillumbah,,,,,,,
South Gundagai,,,,,,,
North Wagga Wagga,,,,,,,
East Wagga Wagga,,,,,,,
South Nowra,645000.0,-1.57,5.73,,540.0,4.35,11.34
West Nowra,,,,,550.0,,0.0
Central Colo,,,,,,,
West Croydon,,,,,,,
North Willoughby,,,,,,,
East Killara,,,,,,,
East Lindfield,,,,,,,
West Pymble,,,,,,,
North Turramurra,,,,,,,
South Turramurra,,,,,,,
North Balgowlah,,,,,,,
North Manly,,,,,,,
North Richmond,650000.0,,,,520.0,4.16,4.0
West Richmond,,,,,,,
South Windsor,640000.0,,,,580.0,4.71,18.36
South Guildford,,,,,,,
North Bendigo,,,,,430.0,,-2.28
West Bendigo,,,,,,,
East Geelong,,,,,520.0,,9.47
South Geelong,,,,,,,
North Wangaratta,,,,,,,
East Wangaratta,,,,,,,
East Bairnsdale,,,,,,,
North Wonthaggi,,,,,,,
South Preston,,,,,,,
North Lilydale,,,,,,,
South Kingsville,799000.0,0.0,1.13,-10.23,635.0,4.13,5.83
East Trinity,,,,,,,
East Innisfail,,,,,,,
South Innisfail,,,,,,,
North Johnstone,,,,,,,
South Johnstone,,,,,,,
East Greenmount,,,,,,,
West Rockhampton,,,,,,,
South Gladstone,340000.0,16.49,21.86,28.3,375.0,5.73,4.16
East Ipswich,,,,,,,
West Ipswich,,,,,,,
North Tivoli,,,,,,,
South Ripley,,,,,,,
North Eton,,,,,,,
South Golden Beach,,,,,,,
East Toowoomba,,,,,490.0,,8.88
South Toowoomba,,,,,,,
East Nanango,,,,,,,
South East Nanango,,,,,,,
South Nanango,,,,,,,
South Stirling,,,,,,,
North Blackwood,,,,,,,
East Beverley,,,,,,,
West Hindmarsh,,,,,,,
North Plympton,,,,,,,
South Plympton,,,,,,,
North Moonta,,,,,,,
East Moonta,,,,,,,
East Augusta,,,,,,,
West Busselton,,,,,,,
West Pinjarra,,,,,,,
East Cannington,569000.0,,29.31,42.6,640.0,5.84,26.73
North Fremantle,,,,,795.0,,-0.63
South Fremantle,,,,,,,
East Rockingham,,,,,,,
West Toodyay,,,,,,,
East Carnarvon,,,,,,,
South Carnarvon,,,,,,,
South Boulder,,,,,,,
South Kalgoorlie,,,,,,,
South Greenough,,,,,,,
North Brighton,,,,,,,
South Brighton,,,,,,,
North Hobart,,,,,,,
East Launceston,,,,,,,
West Perth,,,,,750.0,,11.11
North Scottsdale,,,,,,,
West Scottsdale,,,,,,,
South Burnie,,,,,,,
South Spreyton,,,,,,,
East Palmerston,,,,,,,
East Russell,,,,,,,
East Chapman,,,,,,,
